id,created,updated,hm_name,trade_date,hm_orgs,ts_code,ts_name,buy_amount,sell_amount,net_amount,tag
150558,2025-06-18 10:23:02.535539,2025-06-18 10:23:02.535596,陈小群,20250617,中国银河证券股份有限公司大连黄河路证券营业部,002878.SZ,元隆雅图,28009610.0,13019.0,27996591.0,
150559,2025-06-18 10:23:02.535737,2025-06-18 10:23:02.535753,陈小群,20250617,中国银河证券股份有限公司大连黄河路证券营业部,002951.SZ,金时科技,29944.0,48393217.0,-48363273.0,
150560,2025-06-18 10:23:02.535860,2025-06-18 10:23:02.535874,陈小群,20250617,中国银河证券股份有限公司大连黄河路证券营业部,300773.SZ,拉卡拉,113293136.0,1236305.0,112056831.0,
150561,2025-06-18 10:23:02.535978,2025-06-18 10:23:02.535991,鑫多多,20250617,中泰证券股份有限公司烟台正阳路证券营业部,605198.SH,安德利,4054447.0,0.0,4054447.0,
150562,2025-06-18 10:23:02.536094,2025-06-18 10:23:02.536106,量化抢筹,20250617,中国银河证券股份有限公司北京中关村大街证券营业部,000554.SZ,泰山石油,287463.0,9847154.0,-9559691.0,
150563,2025-06-18 10:23:02.536209,2025-06-18 10:23:02.536222,量化抢筹,20250617,中国银河证券股份有限公司北京中关村大街证券营业部,002177.SZ,御银股份,21374264.0,14855308.0,6518956.0,
150564,2025-06-18 10:23:02.536326,2025-06-18 10:23:02.536339,量化抢筹,20250617,中国银河证券股份有限公司北京中关村大街证券营业部,300157.SZ,新锦动力,24365275.0,85158.0,24280117.0,
150565,2025-06-18 10:23:02.536441,2025-06-18 10:23:02.536453,量化打板,20250617,中泰证券股份有限公司常州惠国路证券营业部,600227.SH,赤天化,12957614.36,0.0,12957614.36,
150566,2025-06-18 10:23:02.536554,2025-06-18 10:23:02.536567,量化打板,20250617,中泰证券股份有限公司常州惠国路证券营业部,600405.SH,动力源,12519650.0,0.0,12519650.0,
150567,2025-06-18 10:23:02.536669,2025-06-18 10:23:02.536682,量化打板,20250617,中泰证券股份有限公司常州惠国路证券营业部,300016.SZ,北陆药业,12552883.0,185808.0,12367075.0,
150568,2025-06-18 10:23:02.536784,2025-06-18 10:23:02.536797,量化打板,20250617,中泰证券股份有限公司西安锦业路证券营业部,603222.SH,济民健康,3426240.0,0.0,3426240.0,
150569,2025-06-18 10:23:02.536899,2025-06-18 10:23:02.536912,量化打板,20250617,华鑫证券有限责任公司上海分公司,603716.SH,塞力医疗,16551209.06,0.0,16551209.06,
150570,2025-06-18 10:23:02.537013,2025-06-18 10:23:02.537026,量化打板,20250617,华鑫证券有限责任公司上海分公司,300753.SZ,爱朋医疗,24532128.0,26464.0,24505664.0,
150571,2025-06-18 10:23:02.537127,2025-06-18 10:23:02.537139,量化打板,20250617,华鑫证券有限责任公司上海分公司,300941.SZ,创识科技,21636787.0,73131.0,21563656.0,
150572,2025-06-18 10:23:02.537241,2025-06-18 10:23:02.537253,量化打板,20250617,华鑫证券有限责任公司成都交子大道证券营业部,300016.SZ,北陆药业,15924195.0,0.0,15924195.0,
150573,2025-06-18 10:23:02.537354,2025-06-18 10:23:02.537367,量化打板,20250617,开源证券股份有限公司西安太华路证券营业部,002017.SZ,东信和平,5159203.0,21630735.0,-16471532.0,
150574,2025-06-18 10:23:02.537467,2025-06-18 10:23:02.537480,量化打板,20250617,开源证券股份有限公司西安太华路证券营业部,002828.SZ,贝肯能源,0.0,18200750.0,-18200750.0,
150575,2025-06-18 10:23:02.537581,2025-06-18 10:23:02.537593,量化打板,20250617,开源证券股份有限公司西安太华路证券营业部,002878.SZ,元隆雅图,72864.0,38271847.0,-38198983.0,
150576,2025-06-18 10:23:02.537694,2025-06-18 10:23:02.537707,量化打板,20250617,开源证券股份有限公司西安太华路证券营业部,000554.SZ,泰山石油,0.0,21742173.0,-21742173.0,
150577,2025-06-18 10:23:02.537808,2025-06-18 10:23:02.537820,量化打板,20250617,开源证券股份有限公司西安太华路证券营业部,002678.SZ,珠江钢琴,38276274.0,52655264.0,-14378990.0,
150578,2025-06-18 10:23:02.537921,2025-06-18 10:23:02.537933,量化打板,20250617,开源证券股份有限公司西安太华路证券营业部,300016.SZ,北陆药业,38343577.0,0.0,38343577.0,
150579,2025-06-18 10:23:02.538034,2025-06-18 10:23:02.538047,量化打板,20250617,开源证券股份有限公司西安太华路证券营业部,300753.SZ,爱朋医疗,33076692.0,0.0,33076692.0,
150580,2025-06-18 10:23:02.538147,2025-06-18 10:23:02.538160,量化打板,20250617,开源证券股份有限公司西安太华路证券营业部,300773.SZ,拉卡拉,105026980.0,823131.0,104203849.0,
150581,2025-06-18 10:23:02.538261,2025-06-18 10:23:02.538273,量化打板,20250617,开源证券股份有限公司西安西大街证券营业部,600227.SH,赤天化,10703343.0,0.0,10703343.0,
150582,2025-06-18 10:23:02.538374,2025-06-18 10:23:02.538387,量化打板,20250617,开源证券股份有限公司西安西大街证券营业部,603222.SH,济民健康,10703216.0,0.0,10703216.0,
150583,2025-06-18 10:23:02.538488,2025-06-18 10:23:02.538500,量化打板,20250617,开源证券股份有限公司西安西大街证券营业部,600792.SH,云煤能源,0.0,12162093.0,-12162093.0,
150584,2025-06-18 10:23:02.538602,2025-06-18 10:23:02.538614,量化基金,20250617,中信证券股份有限公司上海分公司,601718.SH,际华集团,0.0,15947455.0,-15947455.0,
150585,2025-06-18 10:23:02.538715,2025-06-18 10:23:02.538732,量化基金,20250617,中信证券股份有限公司上海分公司,601022.SH,宁波远洋,0.0,9021225.0,-9021225.0,
150586,2025-06-18 10:23:02.538834,2025-06-18 10:23:02.538845,量化基金,20250617,中信证券股份有限公司上海分公司,603124.SH,江南新材,0.0,5603403.29,-5603403.29,
150587,2025-06-18 10:23:02.538926,2025-06-18 10:23:02.538935,量化基金,20250617,中信证券股份有限公司上海分公司,600281.SH,华阳新材,0.0,32212641.15,-32212641.15,
150588,2025-06-18 10:23:02.539017,2025-06-18 10:23:02.539027,量化基金,20250617,中信证券股份有限公司上海分公司,688291.SH,金橙子,24030301.87,0.0,24030301.87,
150589,2025-06-18 10:23:02.539107,2025-06-18 10:23:02.539117,量化基金,20250617,中国国际金融股份有限公司上海分公司,002731.SZ,萃华珠宝,23637685.0,8530672.0,15107013.0,
150590,2025-06-18 10:23:02.539198,2025-06-18 10:23:02.539208,量化基金,20250617,中国国际金融股份有限公司上海分公司,603538.SH,美诺华,0.0,12863323.84,-12863323.84,
150591,2025-06-18 10:23:02.539290,2025-06-18 10:23:02.539300,量化基金,20250617,中国国际金融股份有限公司上海分公司,002177.SZ,御银股份,17000706.0,27178993.0,-10178287.0,
150592,2025-06-18 10:23:02.539380,2025-06-18 10:23:02.539390,量化基金,20250617,中国国际金融股份有限公司上海分公司,301357.SZ,北方长龙,8119487.0,618783.0,7500704.0,
150593,2025-06-18 10:23:02.539471,2025-06-18 10:23:02.539483,量化基金,20250617,中国国际金融股份有限公司上海分公司,301665.SZ,泰禾股份,7194917.0,5911480.0,1283437.0,
150594,2025-06-18 10:23:02.539682,2025-06-18 10:23:02.539703,量化基金,20250617,中国国际金融股份有限公司上海分公司,603124.SH,江南新材,0.0,5128590.08,-5128590.08,
150595,2025-06-18 10:23:02.539790,2025-06-18 10:23:02.539808,量化基金,20250617,中国国际金融股份有限公司上海分公司,603716.SH,塞力医疗,0.0,13347316.57,-13347316.57,
150596,2025-06-18 10:23:02.539893,2025-06-18 10:23:02.539904,量化基金,20250617,中国国际金融股份有限公司上海分公司,300157.SZ,新锦动力,9714461.0,17614757.0,-7900296.0,
150597,2025-06-18 10:23:02.539986,2025-06-18 10:23:02.539996,量化基金,20250617,中国国际金融股份有限公司上海分公司,300164.SZ,通源石油,28854679.0,15678646.0,13176033.0,
150598,2025-06-18 10:23:02.540078,2025-06-18 10:23:02.540088,量化基金,20250617,中国国际金融股份有限公司上海分公司,300581.SZ,晨曦航空,57741793.0,51488780.0,6253013.0,
150599,2025-06-18 10:23:02.540170,2025-06-18 10:23:02.540180,量化基金,20250617,中国国际金融股份有限公司北京建国门外大街证券营业部,600227.SH,赤天化,0.0,5102030.0,-5102030.0,
150600,2025-06-18 10:23:02.540262,2025-06-18 10:23:02.540272,量化基金,20250617,中国国际金融股份有限公司北京建国门外大街证券营业部,600980.SH,北矿科技,24875480.0,18948037.96,5927442.04,
150601,2025-06-18 10:23:02.540353,2025-06-18 10:23:02.540363,量化基金,20250617,中国国际金融股份有限公司北京建国门外大街证券营业部,603322.SH,超讯通信,0.0,20172271.0,-20172271.0,
150602,2025-06-18 10:23:02.540445,2025-06-18 10:23:02.540455,量化基金,20250617,中国国际金融股份有限公司北京建国门外大街证券营业部,600281.SH,华阳新材,0.0,14083328.2,-14083328.2,
150603,2025-06-18 10:23:02.540537,2025-06-18 10:23:02.540547,量化基金,20250617,中国国际金融股份有限公司北京建国门外大街证券营业部,688573.SH,信宇人,0.0,5523342.02,-5523342.02,
150604,2025-06-18 10:23:02.540629,2025-06-18 10:23:02.540638,量化基金,20250617,华泰证券股份有限公司总部,600405.SH,动力源,14586013.0,0.0,14586013.0,
150605,2025-06-18 10:23:02.540719,2025-06-18 10:23:02.540729,量化基金,20250617,国泰海通证券股份有限公司总部,600227.SH,赤天化,8853651.0,0.0,8853651.0,
150606,2025-06-18 10:23:02.540811,2025-06-18 10:23:02.540821,量化基金,20250617,国泰海通证券股份有限公司总部,600980.SH,北矿科技,47482596.0,62545403.0,-15062807.0,
150607,2025-06-18 10:23:02.540902,2025-06-18 10:23:02.540912,量化基金,20250617,国泰海通证券股份有限公司总部,605198.SH,安德利,0.0,7056288.2,-7056288.2,
150608,2025-06-18 10:23:02.540993,2025-06-18 10:23:02.541003,量化基金,20250617,国泰海通证券股份有限公司总部,600281.SH,华阳新材,70786310.28,62467862.46,8318447.82,
150609,2025-06-18 10:23:02.541085,2025-06-18 10:23:02.541095,量化基金,20250617,国泰海通证券股份有限公司总部,600792.SH,云煤能源,0.0,10942193.0,-10942193.0,
150610,2025-06-18 10:23:02.541176,2025-06-18 10:23:02.541185,量化基金,20250617,国泰海通证券股份有限公司总部,600798.SH,宁波海运,26374561.0,28408523.0,-2033962.0,
150611,2025-06-18 10:23:02.541267,2025-06-18 10:23:02.541276,量化基金,20250617,国泰海通证券股份有限公司总部,603538.SH,美诺华,0.0,10862490.12,-10862490.12,
150612,2025-06-18 10:23:02.541368,2025-06-18 10:23:02.541378,量化基金,20250617,国泰海通证券股份有限公司总部,603716.SH,塞力医疗,13826103.0,11408771.59,2417331.41,
150613,2025-06-18 10:23:02.541458,2025-06-18 10:23:02.541468,量化基金,20250617,国泰海通证券股份有限公司总部,603585.SH,苏利股份,19742558.0,17766901.21,1975656.79,
150614,2025-06-18 10:23:02.541548,2025-06-18 10:23:02.541558,量化基金,20250617,国泰海通证券股份有限公司总部,688573.SH,信宇人,4924351.07,11001811.88,-6077460.81,
150615,2025-06-18 10:23:02.541638,2025-06-18 10:23:02.541648,量化基金,20250617,摩根大通证券(中国)有限公司上海银城中路证券营业部,600980.SH,北矿科技,16205154.0,25277239.3,-9072085.3,
150616,2025-06-18 10:23:02.541729,2025-06-18 10:23:02.541739,量化基金,20250617,瑞银证券有限责任公司上海浦东新区花园石桥路第二证券营业部,601975.SH,招商南油,0.0,25137029.34,-25137029.34,
150617,2025-06-18 10:23:02.541820,2025-06-18 10:23:02.541830,量化基金,20250617,瑞银证券有限责任公司上海浦东新区花园石桥路第二证券营业部,603222.SH,济民健康,3322844.0,1928697.0,1394147.0,
150618,2025-06-18 10:23:02.541910,2025-06-18 10:23:02.541919,量化基金,20250617,瑞银证券有限责任公司上海浦东新区花园石桥路第二证券营业部,600980.SH,北矿科技,31492996.0,40305071.0,-8812075.0,
150619,2025-06-18 10:23:02.542000,2025-06-18 10:23:02.542010,量化基金,20250617,瑞银证券有限责任公司上海浦东新区花园石桥路第二证券营业部,605198.SH,安德利,0.0,6015526.0,-6015526.0,
150620,2025-06-18 10:23:02.542090,2025-06-18 10:23:02.542100,量化基金,20250617,瑞银证券有限责任公司上海浦东新区花园石桥路第二证券营业部,600798.SH,宁波海运,0.0,16591474.0,-16591474.0,
150621,2025-06-18 10:23:02.542180,2025-06-18 10:23:02.542190,量化基金,20250617,瑞银证券有限责任公司上海浦东新区花园石桥路第二证券营业部,603538.SH,美诺华,0.0,19810216.96,-19810216.96,
150622,2025-06-18 10:23:02.542270,2025-06-18 10:23:02.542280,量化基金,20250617,瑞银证券有限责任公司上海浦东新区花园石桥路第二证券营业部,603124.SH,江南新材,4571225.0,10045754.36,-5474529.36,
150623,2025-06-18 10:23:02.542363,2025-06-18 10:23:02.542373,量化基金,20250617,瑞银证券有限责任公司上海浦东新区花园石桥路第二证券营业部,600281.SH,华阳新材,53068472.32,50117606.0,2950866.32,
150624,2025-06-18 10:23:02.542453,2025-06-18 10:23:02.542463,量化基金,20250617,瑞银证券有限责任公司上海浦东新区花园石桥路第二证券营业部,603585.SH,苏利股份,21633766.73,28035532.0,-6401765.27,
150625,2025-06-18 10:23:02.542543,2025-06-18 10:23:02.542553,量化基金,20250617,瑞银证券有限责任公司上海浦东新区花园石桥路第二证券营业部,688291.SH,金橙子,23395925.61,0.0,23395925.61,
150626,2025-06-18 10:23:02.542633,2025-06-18 10:23:02.542644,量化基金,20250617,瑞银证券有限责任公司上海浦东新区花园石桥路第二证券营业部,688573.SH,信宇人,0.0,18940490.66,-18940490.66,
150627,2025-06-18 10:23:02.542725,2025-06-18 10:23:02.542735,越王大道,20250617,国泰海通证券股份有限公司河源越王大道证券营业部,301141.SZ,中科磁业,6500.0,33405031.0,-33398531.0,
150628,2025-06-18 10:23:02.542816,2025-06-18 10:23:02.542826,赵老哥,20250617,中国银河证券股份有限公司绍兴证券营业部,002828.SZ,贝肯能源,849818.0,27828170.0,-26978352.0,
150629,2025-06-18 10:23:02.542906,2025-06-18 10:23:02.542916,苏南帮,20250617,中国银河证券股份有限公司北京学院南路证券营业部,301357.SZ,北方长龙,95725.0,13031095.0,-12935370.0,
150630,2025-06-18 10:23:02.542995,2025-06-18 10:23:02.543005,益田路,20250617,华鑫证券有限责任公司深圳益田路证券营业部,002828.SZ,贝肯能源,109890.0,19254578.0,-19144688.0,
150631,2025-06-18 10:23:02.543084,2025-06-18 10:23:02.543094,益田路,20250617,华鑫证券有限责任公司深圳益田路证券营业部,600792.SH,云煤能源,0.0,12513890.16,-12513890.16,
150632,2025-06-18 10:23:02.543174,2025-06-18 10:23:02.543184,益田路,20250617,华鑫证券有限责任公司深圳益田路证券营业部,603716.SH,塞力医疗,15383718.0,0.0,15383718.0,
150633,2025-06-18 10:23:02.543263,2025-06-18 10:23:02.543273,炒股养家,20250617,华鑫证券有限责任公司上海宛平南路证券营业部,605198.SH,安德利,0.0,7573002.0,-7573002.0,
150634,2025-06-18 10:23:02.543381,2025-06-18 10:23:02.543399,炒股养家,20250617,浙商证券股份有限公司绍兴解放北路证券营业部,002336.SZ,人乐退,157140.0,0.0,157140.0,
150635,2025-06-18 10:23:02.543489,2025-06-18 10:23:02.543500,炒新一族,20250617,华泰证券股份有限公司上海武定路证券营业部,002336.SZ,人乐退,88740.0,0.0,88740.0,
150636,2025-06-18 10:23:02.543586,2025-06-18 10:23:02.543596,温州帮,20250617,中信证券股份有限公司温岭万昌中路证券营业部,600405.SH,动力源,0.0,3984607.0,-3984607.0,
150637,2025-06-18 10:23:02.543676,2025-06-18 10:23:02.543686,温州帮,20250617,中国银河证券股份有限公司杭州建国北路证券营业部,603222.SH,济民健康,0.0,4542864.0,-4542864.0,
150638,2025-06-18 10:23:02.543770,2025-06-18 10:23:02.543781,温州帮,20250617,华泰证券股份有限公司江阴福泰路证券营业部,603585.SH,苏利股份,0.0,16507069.0,-16507069.0,
150639,2025-06-18 10:23:02.543861,2025-06-18 10:23:02.543870,温州帮,20250617,华泰证券股份有限公司江阴福泰路证券营业部,300164.SZ,通源石油,3968351.0,25148362.0,-21180011.0,
150640,2025-06-18 10:23:02.543951,2025-06-18 10:23:02.543961,温州帮,20250617,平安证券股份有限公司福州长乐北路证券营业部,000525.SZ,红太阳,5123355.0,14807944.0,-9684589.0,
150641,2025-06-18 10:23:02.544042,2025-06-18 10:23:02.544052,温州帮,20250617,平安证券股份有限公司福州长乐北路证券营业部,002678.SZ,珠江钢琴,829143.0,21778654.0,-20949511.0,
150642,2025-06-18 10:23:02.544138,2025-06-18 10:23:02.544149,深股通专用,20250617,深股通专用,002017.SZ,东信和平,46218424.0,52843531.0,-6625107.0,
150643,2025-06-18 10:23:02.544231,2025-06-18 10:23:02.544241,深股通专用,20250617,深股通专用,002104.SZ,恒宝股份,220750376.0,213553455.0,7196921.0,
150644,2025-06-18 10:23:02.544323,2025-06-18 10:23:02.544333,深股通专用,20250617,深股通专用,002366.SZ,融发核电,81940908.0,123536562.0,-41595654.0,
150645,2025-06-18 10:23:02.544480,2025-06-18 10:23:02.544522,深股通专用,20250617,深股通专用,002294.SZ,信立泰,46441721.0,36586756.0,9854965.0,
150646,2025-06-18 10:23:02.544641,2025-06-18 10:23:02.544655,深股通专用,20250617,深股通专用,301665.SZ,泰禾股份,37194217.0,31331857.0,5862360.0,
150647,2025-06-18 10:23:02.544739,2025-06-18 10:23:02.544749,深股通专用,20250617,深股通专用,002678.SZ,珠江钢琴,9931357.0,10848297.0,-916940.0,
150648,2025-06-18 10:23:02.544833,2025-06-18 10:23:02.544843,深股通专用,20250617,深股通专用,002181.SZ,粤 传 媒,91935634.0,69798947.0,22136687.0,
150649,2025-06-18 10:23:02.544925,2025-06-18 10:23:02.544934,深股通专用,20250617,深股通专用,300457.SZ,赢合科技,48043665.0,19774570.0,28269095.0,
150650,2025-06-18 10:23:02.545015,2025-06-18 10:23:02.545025,深股通专用,20250617,深股通专用,300468.SZ,四方精创,576547958.0,531840660.0,44707298.0,
150651,2025-06-18 10:23:02.545108,2025-06-18 10:23:02.545120,深股通专用,20250617,深股通专用,300581.SZ,晨曦航空,328724727.0,306110592.0,22614135.0,
150652,2025-06-18 10:23:02.545201,2025-06-18 10:23:02.545211,深股通专用,20250617,深股通专用,300773.SZ,拉卡拉,404683485.0,278023534.0,126659951.0,
150653,2025-06-18 10:23:02.545306,2025-06-18 10:23:02.545314,涪陵广场路,20250617,方正证券股份有限公司重庆金开大道证券营业部,002615.SZ,哈尔斯,26852.0,72412317.0,-72385465.0,
150654,2025-06-18 10:23:02.545379,2025-06-18 10:23:02.545387,消闲派,20250617,国泰海通证券股份有限公司宜昌沿江大道证券营业部,002017.SZ,东信和平,52267834.0,56433230.0,-4165396.0,
150655,2025-06-18 10:23:02.545450,2025-06-18 10:23:02.545458,消闲派,20250617,国泰海通证券股份有限公司宜昌沿江大道证券营业部,601975.SH,招商南油,61842860.0,0.0,61842860.0,
150656,2025-06-18 10:23:02.545521,2025-06-18 10:23:02.545529,消闲派,20250617,国泰海通证券股份有限公司宜昌沿江大道证券营业部,600281.SH,华阳新材,42054869.0,40606710.72,1448158.28,
150657,2025-06-18 10:23:02.545592,2025-06-18 10:23:02.545599,消闲派,20250617,国泰海通证券股份有限公司宜昌沿江大道证券营业部,603585.SH,苏利股份,0.0,33387155.0,-33387155.0,
150658,2025-06-18 10:23:02.545662,2025-06-18 10:23:02.545670,消闲派,20250617,国泰海通证券股份有限公司宜昌沿江大道证券营业部,300457.SZ,赢合科技,42855933.0,0.0,42855933.0,
150659,2025-06-18 10:23:02.545733,2025-06-18 10:23:02.545741,消闲派,20250617,国泰海通证券股份有限公司宜昌沿江大道证券营业部,300773.SZ,拉卡拉,129293007.0,1923283.0,127369724.0,
150660,2025-06-18 10:23:02.545804,2025-06-18 10:23:02.545812,沪股通专用,20250617,沪股通专用,601718.SH,际华集团,21587143.0,34981325.0,-13394182.0,
150661,2025-06-18 10:23:02.545875,2025-06-18 10:23:02.545882,沪股通专用,20250617,沪股通专用,601975.SH,招商南油,37109158.2,40415614.88,-3306456.68,
150662,2025-06-18 10:23:02.545951,2025-06-18 10:23:02.545959,沪股通专用,20250617,沪股通专用,603322.SH,超讯通信,26014769.0,22245673.8,3769095.2,
150663,2025-06-18 10:23:02.546023,2025-06-18 10:23:02.546031,沪股通专用,20250617,沪股通专用,605099.SH,共创草坪,0.0,27493889.5,-27493889.5,
150664,2025-06-18 10:23:02.546097,2025-06-18 10:23:02.546105,沪股通专用,20250617,沪股通专用,605198.SH,安德利,14661003.0,29832889.1,-15171886.1,
150665,2025-06-18 10:23:02.546167,2025-06-18 10:23:02.546175,沪股通专用,20250617,沪股通专用,601022.SH,宁波远洋,32898833.0,33555219.0,-656386.0,
150666,2025-06-18 10:23:02.546236,2025-06-18 10:23:02.546244,欢乐海岸,20250617,国金证券股份有限公司深圳湾一号证券营业部,002898.SZ,*ST赛隆,3265828.0,4927459.0,-1661631.0,
150667,2025-06-18 10:23:02.546307,2025-06-18 10:23:02.546315,机构专用,20250617,机构专用,002104.SZ,恒宝股份,41501556.0,4529361.0,36972195.0,
150668,2025-06-18 10:23:02.546376,2025-06-18 10:23:02.546384,机构专用,20250617,机构专用,002366.SZ,融发核电,15532330.0,32167064.0,-16634734.0,
150669,2025-06-18 10:23:02.546446,2025-06-18 10:23:02.546454,机构专用,20250617,机构专用,002828.SZ,贝肯能源,34763972.0,8471662.0,26292310.0,
150670,2025-06-18 10:23:02.546516,2025-06-18 10:23:02.546524,机构专用,20250617,机构专用,601718.SH,际华集团,0.0,8820852.0,-8820852.0,
150671,2025-06-18 10:23:02.546586,2025-06-18 10:23:02.546593,机构专用,20250617,机构专用,601975.SH,招商南油,0.0,53273964.72,-53273964.72,
150672,2025-06-18 10:23:02.546655,2025-06-18 10:23:02.546663,机构专用,20250617,机构专用,000701.SZ,厦门信达,4298267.0,32981785.0,-28683518.0,
150673,2025-06-18 10:23:02.546723,2025-06-18 10:23:02.546731,机构专用,20250617,机构专用,002294.SZ,信立泰,67986663.0,119830095.0,-51843432.0,
150674,2025-06-18 10:23:02.546792,2025-06-18 10:23:02.546799,机构专用,20250617,机构专用,002615.SZ,哈尔斯,4758216.0,63157876.0,-58399660.0,
150675,2025-06-18 10:23:02.546860,2025-06-18 10:23:02.546867,机构专用,20250617,机构专用,002731.SZ,萃华珠宝,139386753.0,83917324.0,55469429.0,
150676,2025-06-18 10:23:02.546927,2025-06-18 10:23:02.546935,机构专用,20250617,机构专用,002878.SZ,元隆雅图,18777896.0,57107922.0,-38330026.0,
150677,2025-06-18 10:23:02.546994,2025-06-18 10:23:02.547002,机构专用,20250617,机构专用,000554.SZ,泰山石油,36013021.0,19734954.0,16278067.0,
150678,2025-06-18 10:23:02.547062,2025-06-18 10:23:02.547069,机构专用,20250617,机构专用,002235.SZ,安妮股份,69509169.0,51771366.0,17737803.0,
150679,2025-06-18 10:23:02.547129,2025-06-18 10:23:02.547137,机构专用,20250617,机构专用,002554.SZ,惠博普,19196670.0,14979940.0,4216730.0,
150680,2025-06-18 10:23:02.547201,2025-06-18 10:23:02.547209,机构专用,20250617,机构专用,002951.SZ,金时科技,0.0,10416229.0,-10416229.0,
150681,2025-06-18 10:23:02.547270,2025-06-18 10:23:02.547277,机构专用,20250617,机构专用,600792.SH,云煤能源,7961362.37,10108459.0,-2147096.63,
150682,2025-06-18 10:23:02.547337,2025-06-18 10:23:02.547345,机构专用,20250617,机构专用,603538.SH,美诺华,0.0,14228977.79,-14228977.79,
150683,2025-06-18 10:23:02.547405,2025-06-18 10:23:02.547412,机构专用,20250617,机构专用,002177.SZ,御银股份,186419846.0,194330223.0,-7910377.0,
150684,2025-06-18 10:23:02.547472,2025-06-18 10:23:02.547480,机构专用,20250617,机构专用,301141.SZ,中科磁业,13396286.0,42582645.0,-29186359.0,
150685,2025-06-18 10:23:02.547540,2025-06-18 10:23:02.547547,机构专用,20250617,机构专用,301357.SZ,北方长龙,48759350.0,20717995.0,28041355.0,
150686,2025-06-18 10:23:02.547607,2025-06-18 10:23:02.547614,机构专用,20250617,机构专用,301665.SZ,泰禾股份,14728494.0,36327080.0,-21598586.0,
150687,2025-06-18 10:23:02.547679,2025-06-18 10:23:02.547687,机构专用,20250617,机构专用,603716.SH,塞力医疗,14609154.0,0.0,14609154.0,
150688,2025-06-18 10:23:02.547747,2025-06-18 10:23:02.547755,机构专用,20250617,机构专用,836221.BJ,易实精密,2142301.94,6157754.87,-4015452.93,
150689,2025-06-18 10:23:02.547815,2025-06-18 10:23:02.547823,机构专用,20250617,机构专用,839719.BJ,宁新新材,5534517.98,4060465.07,1474052.91,
150690,2025-06-18 10:23:02.547882,2025-06-18 10:23:02.547890,机构专用,20250617,机构专用,920082.BJ,方正阀门,939564.31,5099123.41,-4159559.1,
150691,2025-06-18 10:23:02.547951,2025-06-18 10:23:02.547958,机构专用,20250617,机构专用,002678.SZ,珠江钢琴,14503104.0,0.0,14503104.0,
150692,2025-06-18 10:23:02.548018,2025-06-18 10:23:02.548026,机构专用,20250617,机构专用,603585.SH,苏利股份,0.0,18753400.0,-18753400.0,
150693,2025-06-18 10:23:02.548086,2025-06-18 10:23:02.548094,机构专用,20250617,机构专用,002181.SZ,粤 传 媒,26061428.0,44926938.0,-18865510.0,
150694,2025-06-18 10:23:02.548153,2025-06-18 10:23:02.548161,机构专用,20250617,机构专用,300016.SZ,北陆药业,12439114.0,10629735.0,1809379.0,
150695,2025-06-18 10:23:02.548221,2025-06-18 10:23:02.548228,机构专用,20250617,机构专用,300157.SZ,新锦动力,47950812.0,26891797.0,21059015.0,
150696,2025-06-18 10:23:02.548288,2025-06-18 10:23:02.548296,机构专用,20250617,机构专用,300457.SZ,赢合科技,52931059.0,5462648.0,47468411.0,
150697,2025-06-18 10:23:02.548356,2025-06-18 10:23:02.548364,机构专用,20250617,机构专用,300753.SZ,爱朋医疗,0.0,8267321.0,-8267321.0,
150698,2025-06-18 10:23:02.548423,2025-06-18 10:23:02.548431,机构专用,20250617,机构专用,300941.SZ,创识科技,45922955.0,24071918.0,21851037.0,
150699,2025-06-18 10:23:02.548491,2025-06-18 10:23:02.548498,机构专用,20250617,机构专用,300164.SZ,通源石油,88417666.0,47316959.0,41100707.0,
150700,2025-06-18 10:23:02.548558,2025-06-18 10:23:02.548566,机构专用,20250617,机构专用,300546.SZ,雄帝科技,6612747.0,21886169.0,-15273422.0,
150701,2025-06-18 10:23:02.548626,2025-06-18 10:23:02.548633,机构专用,20250617,机构专用,688291.SH,金橙子,25740032.73,0.0,25740032.73,
150702,2025-06-18 10:23:02.548696,2025-06-18 10:23:02.548704,机构专用,20250617,机构专用,688573.SH,信宇人,10177856.2,0.0,10177856.2,
150703,2025-06-18 10:23:02.548764,2025-06-18 10:23:02.548772,机构专用,20250617,机构专用,300468.SZ,四方精创,168664919.0,83696763.0,84968156.0,
150704,2025-06-18 10:23:02.548832,2025-06-18 10:23:02.548840,机构专用,20250617,机构专用,300581.SZ,晨曦航空,189210810.0,160782475.0,28428335.0,
150705,2025-06-18 10:23:02.548900,2025-06-18 10:23:02.548907,机构专用,20250617,机构专用,002141.SZ,*ST贤丰,14674371.0,12643909.0,2030462.0,
150706,2025-06-18 10:23:02.548967,2025-06-18 10:23:02.548975,机构专用,20250617,机构专用,002336.SZ,人乐退,0.0,301065.0,-301065.0,
150707,2025-06-18 10:23:02.549035,2025-06-18 10:23:02.549043,敢死队,20250617,平安证券股份有限公司深圳深南东路罗湖商务中心证券营业部,600387.SH,退市海越,0.0,616836.0,-616836.0,
150708,2025-06-18 10:23:02.549103,2025-06-18 10:23:02.549110,敢死队,20250617,平安证券股份有限公司深圳深南东路罗湖商务中心证券营业部,603003.SH,退市龙宇,1188221.0,0.0,1188221.0,
150709,2025-06-18 10:23:02.549171,2025-06-18 10:23:02.549178,成都系,20250617,国泰海通证券股份有限公司成都北一环路证券营业部,000525.SZ,红太阳,40989192.0,5418.0,40983774.0,
150710,2025-06-18 10:23:02.549238,2025-06-18 10:23:02.549246,成都系,20250617,国泰海通证券股份有限公司成都北一环路证券营业部,002366.SZ,融发核电,70257816.0,4604281.0,65653535.0,
150711,2025-06-18 10:23:02.549306,2025-06-18 10:23:02.549313,成都系,20250617,国泰海通证券股份有限公司成都北一环路证券营业部,601975.SH,招商南油,46582091.0,0.0,46582091.0,
150712,2025-06-18 10:23:02.549374,2025-06-18 10:23:02.549381,成都系,20250617,国泰海通证券股份有限公司成都北一环路证券营业部,002181.SZ,粤 传 媒,368863.0,35909562.0,-35540699.0,
150713,2025-06-18 10:23:02.549446,2025-06-18 10:23:02.549454,广东帮,20250617,财通证券股份有限公司温岭中华路证券营业部,605099.SH,共创草坪,0.0,15155326.0,-15155326.0,
150714,2025-06-18 10:23:02.549514,2025-06-18 10:23:02.549522,广东帮,20250617,财通证券股份有限公司温岭中华路证券营业部,600387.SH,退市海越,0.0,962800.0,-962800.0,
150715,2025-06-18 10:23:02.549582,2025-06-18 10:23:02.549590,山东帮,20250617,东海证券股份有限公司厦门嘉禾路证券营业部,836221.BJ,易实精密,790592.3,4298598.62,-3508006.32,
150716,2025-06-18 10:23:02.549649,2025-06-18 10:23:02.549657,宁波桑田路,20250617,国盛证券有限责任公司宁波桑田路证券营业部,002828.SZ,贝肯能源,1144480.0,25189265.0,-24044785.0,
150717,2025-06-18 10:23:02.549718,2025-06-18 10:23:02.549725,宁波桑田路,20250617,国盛证券有限责任公司宁波桑田路证券营业部,600227.SH,赤天化,8805750.0,0.0,8805750.0,
150718,2025-06-18 10:23:02.549785,2025-06-18 10:23:02.549793,宁波桑田路,20250617,国盛证券有限责任公司宁波桑田路证券营业部,300457.SZ,赢合科技,27195529.0,464492.0,26731037.0,
150719,2025-06-18 10:23:02.549853,2025-06-18 10:23:02.549861,宁波和源路,20250617,甬兴证券有限公司宁波和源路证券营业部,605099.SH,共创草坪,0.0,8210871.0,-8210871.0,
150720,2025-06-18 10:23:02.549921,2025-06-18 10:23:02.549929,天童南路,20250617,国盛证券有限责任公司宁波天童南路证券营业部,002678.SZ,珠江钢琴,23780744.0,82070.0,23698674.0,
150721,2025-06-18 10:23:02.549989,2025-06-18 10:23:02.549996,大小说家,20250617,中信建投证券股份有限公司福州东街证券营业部,870199.BJ,倍益康,6300200.67,142180.0,6158020.67,
150722,2025-06-18 10:23:02.550059,2025-06-18 10:23:02.550067,叶庆均,20250617,中国银河证券股份有限公司宁波大闸南路证券营业部,839680.BJ,*ST广道,189734.82,0.0,189734.82,
150723,2025-06-18 10:23:02.550127,2025-06-18 10:23:02.550135,北京帮,20250617,招商证券股份有限公司北京车公庄西路证券营业部,300773.SZ,拉卡拉,3217600.0,93550578.0,-90332978.0,
150724,2025-06-18 10:23:02.550195,2025-06-18 10:23:02.550203,低位挖掘,20250617,东莞证券股份有限公司四川分公司,002104.SZ,恒宝股份,2304385.0,30805771.0,-28501386.0,
150725,2025-06-18 10:23:02.550446,2025-06-18 10:23:02.550464,低位挖掘,20250617,东莞证券股份有限公司四川分公司,870199.BJ,倍益康,1512852.17,3986956.9,-2474104.73,
150726,2025-06-18 10:23:02.550560,2025-06-18 10:23:02.550573,上海溧阳路,20250617,中信证券股份有限公司上海溧阳路证券营业部,688573.SH,信宇人,0.0,14323782.38,-14323782.38,
150727,2025-06-18 10:23:02.550636,2025-06-18 10:23:02.550644,上塘路,20250617,联储证券股份有限公司浙江分公司,002678.SZ,珠江钢琴,28288409.0,0.0,28288409.0,
150728,2025-06-18 10:23:02.550705,2025-06-18 10:23:02.550713,一瞬流光,20250617,中泰证券股份有限公司湖北分公司,002366.SZ,融发核电,55819103.0,54188.0,55764915.0,
150729,2025-06-18 10:23:02.550775,2025-06-18 10:23:02.550783,一瞬流光,20250617,中泰证券股份有限公司湖北分公司,002878.SZ,元隆雅图,664792.0,50460641.0,-49795849.0,
150730,2025-06-18 10:23:02.550843,2025-06-18 10:23:02.550851,T王,20250617,东方财富证券股份有限公司山南香曲东路证券营业部,600804.SH,退市鹏博,416774.0,0.0,416774.0,
150731,2025-06-18 10:23:02.550913,2025-06-18 10:23:02.550921,T王,20250617,东方财富证券股份有限公司拉萨东城区江苏大道证券营业部,833171.BJ,国航远洋,14430833.17,10110253.32,4320579.85,
150732,2025-06-18 10:23:02.550981,2025-06-18 10:23:02.550989,T王,20250617,东方财富证券股份有限公司拉萨东城区江苏大道证券营业部,300546.SZ,雄帝科技,19681852.0,15707328.0,3974524.0,
150733,2025-06-18 10:23:02.551049,2025-06-18 10:23:02.551057,T王,20250617,东方财富证券股份有限公司拉萨东环路第一证券营业部,002828.SZ,贝肯能源,13109929.0,3079598.0,10030331.0,
150734,2025-06-18 10:23:02.551117,2025-06-18 10:23:02.551124,T王,20250617,东方财富证券股份有限公司拉萨东环路第一证券营业部,000701.SZ,厦门信达,14869375.0,11873320.0,2996055.0,
150735,2025-06-18 10:23:02.551184,2025-06-18 10:23:02.551192,T王,20250617,东方财富证券股份有限公司拉萨东环路第一证券营业部,002615.SZ,哈尔斯,14293816.0,5097734.0,9196082.0,
150736,2025-06-18 10:23:02.551252,2025-06-18 10:23:02.551259,T王,20250617,东方财富证券股份有限公司拉萨东环路第一证券营业部,605099.SH,共创草坪,5962472.0,0.0,5962472.0,
150737,2025-06-18 10:23:02.551318,2025-06-18 10:23:02.551326,T王,20250617,东方财富证券股份有限公司拉萨东环路第一证券营业部,002554.SZ,惠博普,3650965.0,5302732.0,-1651767.0,
150738,2025-06-18 10:23:02.551392,2025-06-18 10:23:02.551400,T王,20250617,东方财富证券股份有限公司拉萨东环路第一证券营业部,600798.SH,宁波海运,10940442.0,11285471.0,-345029.0,
150739,2025-06-18 10:23:02.551460,2025-06-18 10:23:02.551468,T王,20250617,东方财富证券股份有限公司拉萨东环路第一证券营业部,301141.SZ,中科磁业,10666334.0,9882840.0,783494.0,
150740,2025-06-18 10:23:02.551527,2025-06-18 10:23:02.551534,T王,20250617,东方财富证券股份有限公司拉萨东环路第一证券营业部,833171.BJ,国航远洋,17605205.32,17613200.22,-7994.9,
150741,2025-06-18 10:23:02.551594,2025-06-18 10:23:02.551602,T王,20250617,东方财富证券股份有限公司拉萨东环路第一证券营业部,839719.BJ,宁新新材,5217842.17,4515198.75,702643.42,
150742,2025-06-18 10:23:02.551661,2025-06-18 10:23:02.551669,T王,20250617,东方财富证券股份有限公司拉萨东环路第一证券营业部,920082.BJ,方正阀门,2986758.55,3133140.77,-146382.22,
150743,2025-06-18 10:23:02.551729,2025-06-18 10:23:02.551736,T王,20250617,东方财富证券股份有限公司拉萨东环路第一证券营业部,920088.BJ,科力股份,11435245.26,8439305.29,2995939.97,
150744,2025-06-18 10:23:02.551796,2025-06-18 10:23:02.551804,T王,20250617,东方财富证券股份有限公司拉萨东环路第一证券营业部,300546.SZ,雄帝科技,25403538.0,25258524.0,145014.0,
150745,2025-06-18 10:23:02.551864,2025-06-18 10:23:02.551871,T王,20250617,东方财富证券股份有限公司拉萨东环路第一证券营业部,300468.SZ,四方精创,128930897.0,129812919.0,-882022.0,
150746,2025-06-18 10:23:02.551931,2025-06-18 10:23:02.551939,T王,20250617,东方财富证券股份有限公司拉萨东环路第一证券营业部,300773.SZ,拉卡拉,76814596.0,75524241.0,1290355.0,
150747,2025-06-18 10:23:02.551998,2025-06-18 10:23:02.552006,T王,20250617,东方财富证券股份有限公司拉萨东环路第一证券营业部,600387.SH,退市海越,0.0,752744.0,-752744.0,
150748,2025-06-18 10:23:02.552065,2025-06-18 10:23:02.552072,T王,20250617,东方财富证券股份有限公司拉萨东环路第二证券营业部,002017.SZ,东信和平,34159380.0,16486508.0,17672872.0,
150749,2025-06-18 10:23:02.552132,2025-06-18 10:23:02.552139,T王,20250617,东方财富证券股份有限公司拉萨东环路第二证券营业部,002104.SZ,恒宝股份,61488579.0,62859020.0,-1370441.0,
150750,2025-06-18 10:23:02.552199,2025-06-18 10:23:02.552207,T王,20250617,东方财富证券股份有限公司拉萨东环路第二证券营业部,002366.SZ,融发核电,26931654.0,29669267.0,-2737613.0,
150751,2025-06-18 10:23:02.552266,2025-06-18 10:23:02.552273,T王,20250617,东方财富证券股份有限公司拉萨东环路第二证券营业部,002828.SZ,贝肯能源,14994660.0,3671929.0,11322731.0,
150752,2025-06-18 10:23:02.552332,2025-06-18 10:23:02.552340,T王,20250617,东方财富证券股份有限公司拉萨东环路第二证券营业部,000701.SZ,厦门信达,10974696.0,10896159.0,78537.0,
150753,2025-06-18 10:23:02.552399,2025-06-18 10:23:02.552407,T王,20250617,东方财富证券股份有限公司拉萨东环路第二证券营业部,002615.SZ,哈尔斯,15778961.0,6636750.0,9142211.0,
150754,2025-06-18 10:23:02.552466,2025-06-18 10:23:02.552474,T王,20250617,东方财富证券股份有限公司拉萨东环路第二证券营业部,002878.SZ,元隆雅图,27616838.0,14905584.0,12711254.0,
150755,2025-06-18 10:23:02.552533,2025-06-18 10:23:02.552541,T王,20250617,东方财富证券股份有限公司拉萨东环路第二证券营业部,002235.SZ,安妮股份,16814498.0,16186484.0,628014.0,
150756,2025-06-18 10:23:02.552600,2025-06-18 10:23:02.552608,T王,20250617,东方财富证券股份有限公司拉萨东环路第二证券营业部,600281.SH,华阳新材,35488856.5,0.0,35488856.5,
150757,2025-06-18 10:23:02.552667,2025-06-18 10:23:02.552674,T王,20250617,东方财富证券股份有限公司拉萨东环路第二证券营业部,603538.SH,美诺华,8091073.21,0.0,8091073.21,
150758,2025-06-18 10:23:02.552733,2025-06-18 10:23:02.552741,T王,20250617,东方财富证券股份有限公司拉萨东环路第二证券营业部,301141.SZ,中科磁业,12656570.0,7007432.0,5649138.0,
150759,2025-06-18 10:23:02.552800,2025-06-18 10:23:02.552808,T王,20250617,东方财富证券股份有限公司拉萨东环路第二证券营业部,301357.SZ,北方长龙,3755654.0,6139658.0,-2384004.0,
150760,2025-06-18 10:23:02.552867,2025-06-18 10:23:02.552875,T王,20250617,东方财富证券股份有限公司拉萨东环路第二证券营业部,301665.SZ,泰禾股份,7696849.0,2530708.0,5166141.0,
150761,2025-06-18 10:23:02.552934,2025-06-18 10:23:02.552942,T王,20250617,东方财富证券股份有限公司拉萨东环路第二证券营业部,601022.SH,宁波远洋,8069565.0,0.0,8069565.0,
150762,2025-06-18 10:23:02.553001,2025-06-18 10:23:02.553009,T王,20250617,东方财富证券股份有限公司拉萨东环路第二证券营业部,603124.SH,江南新材,4507875.0,0.0,4507875.0,
150763,2025-06-18 10:23:02.553069,2025-06-18 10:23:02.553077,T王,20250617,东方财富证券股份有限公司拉萨东环路第二证券营业部,603716.SH,塞力医疗,0.0,9212169.36,-9212169.36,
150764,2025-06-18 10:23:02.553140,2025-06-18 10:23:02.553151,T王,20250617,东方财富证券股份有限公司拉萨东环路第二证券营业部,833171.BJ,国航远洋,17047921.93,11273761.87,5774160.06,
150765,2025-06-18 10:23:02.553211,2025-06-18 10:23:02.553218,T王,20250617,东方财富证券股份有限公司拉萨东环路第二证券营业部,836221.BJ,易实精密,4829306.25,3915373.18,913933.07,
150766,2025-06-18 10:23:02.553281,2025-06-18 10:23:02.553289,T王,20250617,东方财富证券股份有限公司拉萨东环路第二证券营业部,839719.BJ,宁新新材,8710426.4,6566198.27,2144228.13,
150767,2025-06-18 10:23:02.553366,2025-06-18 10:23:02.553372,T王,20250617,东方财富证券股份有限公司拉萨东环路第二证券营业部,920082.BJ,方正阀门,2795755.42,3728675.36,-932919.94,
150768,2025-06-18 10:23:02.553424,2025-06-18 10:23:02.553431,T王,20250617,东方财富证券股份有限公司拉萨东环路第二证券营业部,920088.BJ,科力股份,10693189.32,10399427.41,293761.91,
150769,2025-06-18 10:23:02.553482,2025-06-18 10:23:02.553489,T王,20250617,东方财富证券股份有限公司拉萨东环路第二证券营业部,002181.SZ,粤 传 媒,38063022.0,32613598.0,5449424.0,
150770,2025-06-18 10:23:02.553540,2025-06-18 10:23:02.553547,T王,20250617,东方财富证券股份有限公司拉萨东环路第二证券营业部,300157.SZ,新锦动力,15202369.0,18018548.0,-2816179.0,
150771,2025-06-18 10:23:02.553598,2025-06-18 10:23:02.553605,T王,20250617,东方财富证券股份有限公司拉萨东环路第二证券营业部,300164.SZ,通源石油,15068374.0,20672116.0,-5603742.0,
150772,2025-06-18 10:23:02.553656,2025-06-18 10:23:02.553663,T王,20250617,东方财富证券股份有限公司拉萨东环路第二证券营业部,300546.SZ,雄帝科技,23422136.0,26354355.0,-2932219.0,
150773,2025-06-18 10:23:02.553714,2025-06-18 10:23:02.553721,T王,20250617,东方财富证券股份有限公司拉萨东环路第二证券营业部,688573.SH,信宇人,6058494.61,0.0,6058494.61,
150774,2025-06-18 10:23:02.553772,2025-06-18 10:23:02.553779,T王,20250617,东方财富证券股份有限公司拉萨东环路第二证券营业部,300468.SZ,四方精创,193995793.0,193434376.0,561417.0,
150775,2025-06-18 10:23:02.553830,2025-06-18 10:23:02.553837,T王,20250617,东方财富证券股份有限公司拉萨东环路第二证券营业部,300581.SZ,晨曦航空,50080510.0,49403915.0,676595.0,
150776,2025-06-18 10:23:02.553888,2025-06-18 10:23:02.553895,T王,20250617,东方财富证券股份有限公司拉萨东环路第二证券营业部,300773.SZ,拉卡拉,101813583.0,89283815.0,12529768.0,
150777,2025-06-18 10:23:02.553946,2025-06-18 10:23:02.553953,T王,20250617,东方财富证券股份有限公司拉萨东环路第二证券营业部,002898.SZ,*ST赛隆,3740577.0,2836809.0,903768.0,
150778,2025-06-18 10:23:02.554004,2025-06-18 10:23:02.554010,T王,20250617,东方财富证券股份有限公司拉萨东环路第二证券营业部,002750.SZ,龙津退,2775.0,961678.0,-958903.0,
150779,2025-06-18 10:23:02.554062,2025-06-18 10:23:02.554068,T王,20250617,东方财富证券股份有限公司拉萨东环路第二证券营业部,603003.SH,退市龙宇,1072468.6,0.0,1072468.6,
150780,2025-06-18 10:23:02.554120,2025-06-18 10:23:02.554126,T王,20250617,东方财富证券股份有限公司拉萨团结路第一证券营业部,000525.SZ,红太阳,9074911.0,18202444.0,-9127533.0,
150781,2025-06-18 10:23:02.554178,2025-06-18 10:23:02.554184,T王,20250617,东方财富证券股份有限公司拉萨团结路第一证券营业部,002366.SZ,融发核电,30449941.0,31505901.0,-1055960.0,
150782,2025-06-18 10:23:02.554235,2025-06-18 10:23:02.554242,T王,20250617,东方财富证券股份有限公司拉萨团结路第一证券营业部,000701.SZ,厦门信达,16774892.0,13498553.0,3276339.0,
150783,2025-06-18 10:23:02.554293,2025-06-18 10:23:02.554300,T王,20250617,东方财富证券股份有限公司拉萨团结路第一证券营业部,002615.SZ,哈尔斯,11733891.0,6163249.0,5570642.0,
150784,2025-06-18 10:23:02.554351,2025-06-18 10:23:02.554358,T王,20250617,东方财富证券股份有限公司拉萨团结路第一证券营业部,002878.SZ,元隆雅图,24011191.0,19480368.0,4530823.0,
150785,2025-06-18 10:23:02.554409,2025-06-18 10:23:02.554415,T王,20250617,东方财富证券股份有限公司拉萨团结路第一证券营业部,605099.SH,共创草坪,9834884.0,0.0,9834884.0,
150786,2025-06-18 10:23:02.554466,2025-06-18 10:23:02.554473,T王,20250617,东方财富证券股份有限公司拉萨团结路第一证券营业部,000554.SZ,泰山石油,12379247.0,8192732.0,4186515.0,
150787,2025-06-18 10:23:02.554524,2025-06-18 10:23:02.554531,T王,20250617,东方财富证券股份有限公司拉萨团结路第一证券营业部,002235.SZ,安妮股份,14850497.0,15548296.0,-697799.0,
150788,2025-06-18 10:23:02.554582,2025-06-18 10:23:02.554593,T王,20250617,东方财富证券股份有限公司拉萨团结路第一证券营业部,600798.SH,宁波海运,0.0,12501029.0,-12501029.0,
150789,2025-06-18 10:23:02.554704,2025-06-18 10:23:02.554718,T王,20250617,东方财富证券股份有限公司拉萨团结路第一证券营业部,301141.SZ,中科磁业,10430484.0,11470380.0,-1039896.0,
150790,2025-06-18 10:23:02.554773,2025-06-18 10:23:02.554781,T王,20250617,东方财富证券股份有限公司拉萨团结路第一证券营业部,601022.SH,宁波远洋,8342910.0,0.0,8342910.0,
150791,2025-06-18 10:23:02.554834,2025-06-18 10:23:02.554841,T王,20250617,东方财富证券股份有限公司拉萨团结路第一证券营业部,603716.SH,塞力医疗,0.0,10325385.0,-10325385.0,
150792,2025-06-18 10:23:02.554894,2025-06-18 10:23:02.554901,T王,20250617,东方财富证券股份有限公司拉萨团结路第一证券营业部,833171.BJ,国航远洋,17765728.59,21216259.08,-3450530.49,
150793,2025-06-18 10:23:02.554953,2025-06-18 10:23:02.554960,T王,20250617,东方财富证券股份有限公司拉萨团结路第一证券营业部,839719.BJ,宁新新材,6085748.79,3310497.53,2775251.26,
150794,2025-06-18 10:23:02.555011,2025-06-18 10:23:02.555018,T王,20250617,东方财富证券股份有限公司拉萨团结路第一证券营业部,920082.BJ,方正阀门,3716310.17,2472371.97,1243938.2,
150795,2025-06-18 10:23:02.555070,2025-06-18 10:23:02.555077,T王,20250617,东方财富证券股份有限公司拉萨团结路第一证券营业部,920088.BJ,科力股份,10801444.72,11233692.25,-432247.53,
150796,2025-06-18 10:23:02.555128,2025-06-18 10:23:02.555135,T王,20250617,东方财富证券股份有限公司拉萨团结路第一证券营业部,002181.SZ,粤 传 媒,40835566.0,34087377.0,6748189.0,
150797,2025-06-18 10:23:02.555186,2025-06-18 10:23:02.555193,T王,20250617,东方财富证券股份有限公司拉萨团结路第一证券营业部,300157.SZ,新锦动力,13757209.0,12488169.0,1269040.0,
150798,2025-06-18 10:23:02.555245,2025-06-18 10:23:02.555252,T王,20250617,东方财富证券股份有限公司拉萨团结路第一证券营业部,300546.SZ,雄帝科技,29955540.0,34588104.0,-4632564.0,
150799,2025-06-18 10:23:02.555303,2025-06-18 10:23:02.555310,T王,20250617,东方财富证券股份有限公司拉萨团结路第一证券营业部,300468.SZ,四方精创,162525598.0,147299924.0,15225674.0,
150800,2025-06-18 10:23:02.555361,2025-06-18 10:23:02.555368,T王,20250617,东方财富证券股份有限公司拉萨团结路第一证券营业部,839680.BJ,*ST广道,156358.18,6896.0,149462.18,
150801,2025-06-18 10:23:02.555419,2025-06-18 10:23:02.555426,T王,20250617,东方财富证券股份有限公司拉萨团结路第一证券营业部,600387.SH,退市海越,572690.0,0.0,572690.0,
150802,2025-06-18 10:23:02.555478,2025-06-18 10:23:02.555484,T王,20250617,东方财富证券股份有限公司拉萨团结路第二证券营业部,000525.SZ,红太阳,8001022.0,14987847.0,-6986825.0,
150803,2025-06-18 10:23:02.555536,2025-06-18 10:23:02.555542,T王,20250617,东方财富证券股份有限公司拉萨团结路第二证券营业部,600980.SH,北矿科技,15020436.0,0.0,15020436.0,
150804,2025-06-18 10:23:02.555593,2025-06-18 10:23:02.555600,T王,20250617,东方财富证券股份有限公司拉萨团结路第二证券营业部,605099.SH,共创草坪,8269971.0,0.0,8269971.0,
150805,2025-06-18 10:23:02.555651,2025-06-18 10:23:02.555658,T王,20250617,东方财富证券股份有限公司拉萨团结路第二证券营业部,000554.SZ,泰山石油,11786221.0,5768273.0,6017948.0,
150806,2025-06-18 10:23:02.555709,2025-06-18 10:23:02.555716,T王,20250617,东方财富证券股份有限公司拉萨团结路第二证券营业部,002554.SZ,惠博普,3582783.0,5297568.0,-1714785.0,
150807,2025-06-18 10:23:02.555773,2025-06-18 10:23:02.555780,T王,20250617,东方财富证券股份有限公司拉萨团结路第二证券营业部,301141.SZ,中科磁业,12410230.0,10646523.0,1763707.0,
150808,2025-06-18 10:23:02.555831,2025-06-18 10:23:02.555838,T王,20250617,东方财富证券股份有限公司拉萨团结路第二证券营业部,603124.SH,江南新材,4383954.0,0.0,4383954.0,
150809,2025-06-18 10:23:02.555890,2025-06-18 10:23:02.555896,T王,20250617,东方财富证券股份有限公司拉萨团结路第二证券营业部,833171.BJ,国航远洋,20847571.59,10804643.84,10042927.75,
150810,2025-06-18 10:23:02.555948,2025-06-18 10:23:02.555954,T王,20250617,东方财富证券股份有限公司拉萨团结路第二证券营业部,836221.BJ,易实精密,4607482.67,3048537.61,1558945.06,
150811,2025-06-18 10:23:02.556005,2025-06-18 10:23:02.556012,T王,20250617,东方财富证券股份有限公司拉萨团结路第二证券营业部,839719.BJ,宁新新材,8020493.07,5097882.91,2922610.16,
150812,2025-06-18 10:23:02.556064,2025-06-18 10:23:02.556070,T王,20250617,东方财富证券股份有限公司拉萨团结路第二证券营业部,920082.BJ,方正阀门,2850928.41,4258459.48,-1407531.07,
150813,2025-06-18 10:23:02.556121,2025-06-18 10:23:02.556128,T王,20250617,东方财富证券股份有限公司拉萨团结路第二证券营业部,002181.SZ,粤 传 媒,34685732.0,30204523.0,4481209.0,
150814,2025-06-18 10:23:02.556181,2025-06-18 10:23:02.556188,T王,20250617,东方财富证券股份有限公司拉萨团结路第二证券营业部,300157.SZ,新锦动力,26315166.0,14203449.0,12111717.0,
150815,2025-06-18 10:23:02.556243,2025-06-18 10:23:02.556250,T王,20250617,东方财富证券股份有限公司拉萨团结路第二证券营业部,300546.SZ,雄帝科技,25456807.0,35005407.0,-9548600.0,
150816,2025-06-18 10:23:02.556302,2025-06-18 10:23:02.556309,T王,20250617,东方财富证券股份有限公司拉萨团结路第二证券营业部,300468.SZ,四方精创,167629079.0,169458152.0,-1829073.0,
150817,2025-06-18 10:23:02.556361,2025-06-18 10:23:02.556367,T王,20250617,东方财富证券股份有限公司拉萨团结路第二证券营业部,300773.SZ,拉卡拉,85051111.0,112848109.0,-27796998.0,
150818,2025-06-18 10:23:02.556419,2025-06-18 10:23:02.556426,T王,20250617,东方财富证券股份有限公司拉萨团结路第二证券营业部,002898.SZ,*ST赛隆,4427934.0,1766842.0,2661092.0,
150819,2025-06-18 10:23:02.556478,2025-06-18 10:23:02.556484,T王,20250617,东方财富证券股份有限公司拉萨团结路第二证券营业部,920088.BJ,科力股份,18298415.55,19438023.1,-1139607.55,
150820,2025-06-18 10:23:02.556536,2025-06-18 10:23:02.556543,T王,20250617,东方财富证券股份有限公司拉萨团结路第二证券营业部,870199.BJ,倍益康,5304286.11,10208626.2,-4904340.09,
150821,2025-06-18 10:23:02.556594,2025-06-18 10:23:02.556601,T王,20250617,东方财富证券股份有限公司拉萨金融城南环路证券营业部,002017.SZ,东信和平,35565057.0,11450354.0,24114703.0,
150822,2025-06-18 10:23:02.556652,2025-06-18 10:23:02.556659,T王,20250617,东方财富证券股份有限公司拉萨金融城南环路证券营业部,002104.SZ,恒宝股份,62428928.0,73848621.0,-11419693.0,
150823,2025-06-18 10:23:02.556710,2025-06-18 10:23:02.556716,T王,20250617,东方财富证券股份有限公司拉萨金融城南环路证券营业部,002366.SZ,融发核电,28165022.0,31764755.0,-3599733.0,
150824,2025-06-18 10:23:02.556768,2025-06-18 10:23:02.556775,T王,20250617,东方财富证券股份有限公司拉萨金融城南环路证券营业部,000701.SZ,厦门信达,14981362.0,10906307.0,4075055.0,
150825,2025-06-18 10:23:02.556826,2025-06-18 10:23:02.556832,T王,20250617,东方财富证券股份有限公司拉萨金融城南环路证券营业部,002615.SZ,哈尔斯,14122512.0,28889719.0,-14767207.0,
150826,2025-06-18 10:23:02.556884,2025-06-18 10:23:02.556890,T王,20250617,东方财富证券股份有限公司拉萨金融城南环路证券营业部,002878.SZ,元隆雅图,28793356.0,21866631.0,6926725.0,
150827,2025-06-18 10:23:02.556942,2025-06-18 10:23:02.556949,T王,20250617,东方财富证券股份有限公司拉萨金融城南环路证券营业部,603322.SH,超讯通信,11716231.0,0.0,11716231.0,
150828,2025-06-18 10:23:02.557000,2025-06-18 10:23:02.557006,T王,20250617,东方财富证券股份有限公司拉萨金融城南环路证券营业部,605099.SH,共创草坪,6220613.0,10179629.0,-3959016.0,
150829,2025-06-18 10:23:02.557058,2025-06-18 10:23:02.557064,T王,20250617,东方财富证券股份有限公司拉萨金融城南环路证券营业部,000554.SZ,泰山石油,11586322.0,8565068.0,3021254.0,
150830,2025-06-18 10:23:02.557119,2025-06-18 10:23:02.557126,T王,20250617,东方财富证券股份有限公司拉萨金融城南环路证券营业部,002235.SZ,安妮股份,18049414.0,17004391.0,1045023.0,
150831,2025-06-18 10:23:02.557177,2025-06-18 10:23:02.557184,T王,20250617,东方财富证券股份有限公司拉萨金融城南环路证券营业部,600281.SH,华阳新材,13518877.0,13693130.0,-174253.0,
150832,2025-06-18 10:23:02.557301,2025-06-18 10:23:02.557311,T王,20250617,东方财富证券股份有限公司拉萨金融城南环路证券营业部,600798.SH,宁波海运,12075916.0,0.0,12075916.0,
150833,2025-06-18 10:23:02.557363,2025-06-18 10:23:02.557370,T王,20250617,东方财富证券股份有限公司拉萨金融城南环路证券营业部,603538.SH,美诺华,0.0,9896997.0,-9896997.0,
150834,2025-06-18 10:23:02.557422,2025-06-18 10:23:02.557429,T王,20250617,东方财富证券股份有限公司拉萨金融城南环路证券营业部,301357.SZ,北方长龙,2425894.0,5060225.0,-2634331.0,
150835,2025-06-18 10:23:02.557481,2025-06-18 10:23:02.557487,T王,20250617,东方财富证券股份有限公司拉萨金融城南环路证券营业部,601022.SH,宁波远洋,8705294.0,0.0,8705294.0,
150836,2025-06-18 10:23:02.557539,2025-06-18 10:23:02.557545,T王,20250617,东方财富证券股份有限公司拉萨金融城南环路证券营业部,920088.BJ,科力股份,9894932.58,8191738.06,1703194.52,
150837,2025-06-18 10:23:02.557597,2025-06-18 10:23:02.557603,T王,20250617,东方财富证券股份有限公司拉萨金融城南环路证券营业部,002181.SZ,粤 传 媒,45466843.0,46796399.0,-1329556.0,
150838,2025-06-18 10:23:02.557655,2025-06-18 10:23:02.557662,T王,20250617,东方财富证券股份有限公司拉萨金融城南环路证券营业部,002898.SZ,*ST赛隆,3821801.0,3326099.0,495702.0,
150839,2025-06-18 10:23:02.557713,2025-06-18 10:23:02.557720,T王,20250617,国金证券股份有限公司上海互联网证券分公司,002336.SZ,人乐退,450000.0,0.0,450000.0,
150840,2025-06-18 10:23:02.557776,2025-06-18 10:23:02.557783,T王,20250617,国金证券股份有限公司上海奉贤区金碧路证券营业部,002336.SZ,人乐退,67500.0,0.0,67500.0,
150841,2025-06-18 10:23:02.557834,2025-06-18 10:23:02.557841,N周二,20250617,中信证券股份有限公司杭州凤起路证券营业部,605099.SH,共创草坪,0.0,10849853.0,-10849853.0,
