trade_date,ts_code,exalter,buy,buy_rate,sell,sell_rate,net_buy,side,reason
20250617,000525.SZ,中信证券股份有限公司浙江分公司,65064840.12,4.46,4561135.1,0.31,60503705.02,0,日涨幅偏离值达到7%的前5只证券
20250617,000525.SZ,东亚前海证券有限责任公司苏州分公司,54326771.57,3.72,0.0,0.0,54326771.57,0,日涨幅偏离值达到7%的前5只证券
20250617,000525.SZ,国泰海通证券股份有限公司成都北一环路证券营业部,40989192.0,2.81,5418.0,0.0,40983774.0,0,日涨幅偏离值达到7%的前5只证券
20250617,000525.SZ,华林证券股份有限公司北京分公司,30053656.3,2.06,366060.0,0.03,29687596.3,0,日涨幅偏离值达到7%的前5只证券
20250617,000525.SZ,华源证券股份有限公司深圳分公司,23043657.0,1.58,0.0,0.0,23043657.0,0,日涨幅偏离值达到7%的前5只证券
20250617,000525.SZ,国元证券股份有限公司宁波分公司,0.0,0.0,30478056.0,2.09,-30478056.0,1,日涨幅偏离值达到7%的前5只证券
20250617,000525.SZ,华泰证券股份有限公司南京大光路证券营业部,1585929.7,0.11,26037267.07,1.79,-24451337.37,1,日涨幅偏离值达到7%的前5只证券
20250617,000525.SZ,东方财富证券股份有限公司拉萨团结路第一证券营业部,9074911.0,0.62,18202443.8,1.25,-9127532.8,1,日涨幅偏离值达到7%的前5只证券
20250617,000525.SZ,东方财富证券股份有限公司拉萨团结路第二证券营业部,8001022.0,0.55,14987847.4,1.03,-6986825.4,1,日涨幅偏离值达到7%的前5只证券
20250617,000525.SZ,平安证券股份有限公司福州长乐北路证券营业部,5123355.21,0.35,14807943.56,1.02,-9684588.35,1,日涨幅偏离值达到7%的前5只证券
20250617,000554.SZ,机构专用,26797830.73,2.11,8659523.0,0.68,18138307.73,0,日换手率达到20%的前5只证券
20250617,000554.SZ,机构专用,26797830.73,2.11,8659523.0,0.68,18138307.73,0,日振幅值达到15%的前5只证券
20250617,000554.SZ,国金证券股份有限公司深圳分公司,12665432.0,1.0,4668503.0,0.37,7996929.0,0,日换手率达到20%的前5只证券
20250617,000554.SZ,国金证券股份有限公司深圳分公司,12665432.0,1.0,4668503.0,0.37,7996929.0,0,日振幅值达到15%的前5只证券
20250617,000554.SZ,东方财富证券股份有限公司拉萨团结路第一证券营业部,12379246.85,0.97,8192732.0,0.64,4186514.85,0,日换手率达到20%的前5只证券
20250617,000554.SZ,东方财富证券股份有限公司拉萨团结路第一证券营业部,12379246.85,0.97,8192732.0,0.64,4186514.85,0,日振幅值达到15%的前5只证券
20250617,000554.SZ,东方财富证券股份有限公司拉萨团结路第二证券营业部,11786221.0,0.93,5768273.44,0.45,6017947.56,0,日换手率达到20%的前5只证券
20250617,000554.SZ,东方财富证券股份有限公司拉萨团结路第二证券营业部,11786221.0,0.93,5768273.44,0.45,6017947.56,0,日振幅值达到15%的前5只证券
20250617,000554.SZ,东方财富证券股份有限公司拉萨金融城南环路证券营业部,11586322.44,0.91,8565067.83,0.67,3021254.61,0,日换手率达到20%的前5只证券
20250617,000554.SZ,东方财富证券股份有限公司拉萨金融城南环路证券营业部,11586322.44,0.91,8565067.83,0.67,3021254.61,0,日振幅值达到15%的前5只证券
20250617,000554.SZ,开源证券股份有限公司西安太华路证券营业部,0.0,0.0,21742172.8,1.71,-21742172.8,1,日振幅值达到15%的前5只证券
20250617,000554.SZ,开源证券股份有限公司西安太华路证券营业部,0.0,0.0,21742172.8,1.71,-21742172.8,1,日换手率达到20%的前5只证券
20250617,000554.SZ,麦高证券有限责任公司成都丽都路证券营业部,0.0,0.0,12748813.0,1.0,-12748813.0,1,日振幅值达到15%的前5只证券
20250617,000554.SZ,麦高证券有限责任公司成都丽都路证券营业部,0.0,0.0,12748813.0,1.0,-12748813.0,1,日换手率达到20%的前5只证券
20250617,000554.SZ,机构专用,9215189.84,0.72,11075431.11,0.87,-1860241.27,1,日振幅值达到15%的前5只证券
20250617,000554.SZ,机构专用,9215189.84,0.72,11075431.11,0.87,-1860241.27,1,日换手率达到20%的前5只证券
20250617,000554.SZ,麦高证券有限责任公司苏州干将东路证券营业部,0.0,0.0,11041868.3,0.87,-11041868.3,1,日振幅值达到15%的前5只证券
20250617,000554.SZ,麦高证券有限责任公司苏州干将东路证券营业部,0.0,0.0,11041868.3,0.87,-11041868.3,1,日换手率达到20%的前5只证券
20250617,000554.SZ,中国银河证券股份有限公司北京中关村大街证券营业部,287463.0,0.02,9847154.0,0.77,-9559691.0,1,日振幅值达到15%的前5只证券
20250617,000554.SZ,中国银河证券股份有限公司北京中关村大街证券营业部,287463.0,0.02,9847154.0,0.77,-9559691.0,1,日换手率达到20%的前5只证券
20250617,000701.SZ,国信证券股份有限公司深圳红岭中路证券营业部,18185995.0,1.39,448291.0,0.03,17737704.0,0,日跌幅偏离值达到7%的前5只证券
20250617,000701.SZ,东方财富证券股份有限公司拉萨团结路第一证券营业部,16774892.0,1.28,13498553.25,1.03,3276338.75,0,日跌幅偏离值达到7%的前5只证券
20250617,000701.SZ,东方财富证券股份有限公司拉萨金融城南环路证券营业部,14981362.0,1.15,10906307.0,0.83,4075055.0,0,日跌幅偏离值达到7%的前5只证券
20250617,000701.SZ,东方财富证券股份有限公司拉萨东环路第一证券营业部,14869375.0,1.14,11873319.8,0.91,2996055.2,0,日跌幅偏离值达到7%的前5只证券
20250617,000701.SZ,东方财富证券股份有限公司拉萨东环路第二证券营业部,10974696.0,0.84,10896159.22,0.83,78536.78,0,日跌幅偏离值达到7%的前5只证券
20250617,000701.SZ,机构专用,4298267.0,0.33,32981785.0,2.52,-28683518.0,1,日跌幅偏离值达到7%的前5只证券
20250617,000701.SZ,中国银河证券股份有限公司桂林中山中路证券营业部,379733.0,0.03,17837230.25,1.36,-17457497.25,1,日跌幅偏离值达到7%的前5只证券
20250617,000701.SZ,东方财富证券股份有限公司拉萨团结路第一证券营业部,16774892.0,1.28,13498553.25,1.03,3276338.75,1,日跌幅偏离值达到7%的前5只证券
20250617,000701.SZ,东方财富证券股份有限公司拉萨东环路第一证券营业部,14869375.0,1.14,11873319.8,0.91,2996055.2,1,日跌幅偏离值达到7%的前5只证券
20250617,000701.SZ,国金证券股份有限公司深圳分公司,3205173.0,0.25,11141039.25,0.85,-7935866.25,1,日跌幅偏离值达到7%的前5只证券
20250617,002017.SZ,东方财富证券股份有限公司昌都两江大道证券营业部,66888120.47,2.27,16576984.2,0.56,50311136.27,0,连续三个交易日内，涨幅偏离值累计达到20%的证券
20250617,002017.SZ,东方财富证券股份有限公司昌都两江大道证券营业部,65982083.81,2.8,13854010.2,0.59,52128073.61,0,日涨幅偏离值达到7%的前5只证券
20250617,002017.SZ,国泰海通证券股份有限公司宜昌沿江大道证券营业部,52267834.0,1.78,56433230.13,1.92,-4165396.13,0,连续三个交易日内，涨幅偏离值累计达到20%的证券
20250617,002017.SZ,深股通专用,46218424.44,1.57,52843531.4,1.8,-6625106.96,0,连续三个交易日内，涨幅偏离值累计达到20%的证券
20250617,002017.SZ,东方财富证券股份有限公司拉萨金融城南环路证券营业部,35565056.7,1.21,11450354.09,0.39,24114702.61,0,连续三个交易日内，涨幅偏离值累计达到20%的证券
20250617,002017.SZ,东方财富证券股份有限公司拉萨东环路第二证券营业部,34159379.52,1.16,16486507.7,0.56,17672871.82,0,连续三个交易日内，涨幅偏离值累计达到20%的证券
20250617,002017.SZ,东方财富证券股份有限公司拉萨金融城南环路证券营业部,33894930.7,1.44,8718875.09,0.37,25176055.61,0,日涨幅偏离值达到7%的前5只证券
20250617,002017.SZ,东方财富证券股份有限公司拉萨东环路第二证券营业部,31857989.54,1.35,11916856.7,0.5,19941132.84,0,日涨幅偏离值达到7%的前5只证券
20250617,002017.SZ,甬兴证券有限公司深圳分公司,31394395.45,1.33,0.0,0.0,31394395.45,0,日涨幅偏离值达到7%的前5只证券
20250617,002017.SZ,中信证券股份有限公司浙江分公司,29671512.37,1.26,4454567.8,0.19,25216944.57,0,日涨幅偏离值达到7%的前5只证券
20250617,002017.SZ,国泰海通证券股份有限公司宜昌沿江大道证券营业部,52267834.0,1.78,56433230.13,1.92,-4165396.13,1,连续三个交易日内，涨幅偏离值累计达到20%的证券
20250617,002017.SZ,国泰海通证券股份有限公司宜昌沿江大道证券营业部,423271.0,0.02,56406690.13,2.39,-55983419.13,1,日涨幅偏离值达到7%的前5只证券
20250617,002017.SZ,深股通专用,46218424.44,1.57,52843531.4,1.8,-6625106.96,1,连续三个交易日内，涨幅偏离值累计达到20%的证券
20250617,002017.SZ,深股通专用,19779520.67,0.84,44621599.8,1.89,-24842079.13,1,日涨幅偏离值达到7%的前5只证券
20250617,002017.SZ,招商证券股份有限公司杭州天目山路证券营业部,19309096.0,0.66,23182885.5,0.79,-3873789.5,1,连续三个交易日内，涨幅偏离值累计达到20%的证券
20250617,002017.SZ,财通证券股份有限公司杭州文二西路证券营业部,1315744.0,0.04,23098797.2,0.79,-21783053.2,1,连续三个交易日内，涨幅偏离值累计达到20%的证券
20250617,002017.SZ,财通证券股份有限公司杭州文二西路证券营业部,1301239.0,0.06,23011635.2,0.98,-21710396.2,1,日涨幅偏离值达到7%的前5只证券
20250617,002017.SZ,中国银河证券股份有限公司北京建国路证券营业部,4238660.71,0.14,22729230.0,0.77,-18490569.29,1,连续三个交易日内，涨幅偏离值累计达到20%的证券
20250617,002017.SZ,开源证券股份有限公司西安太华路证券营业部,5159203.4,0.22,21630735.34,0.92,-16471531.94,1,日涨幅偏离值达到7%的前5只证券
20250617,002017.SZ,招商证券股份有限公司杭州天目山路证券营业部,19248979.0,0.82,21415910.5,0.91,-2166931.5,1,日涨幅偏离值达到7%的前5只证券
20250617,002104.SZ,深股通专用,220750376.22,3.26,213553455.0,3.15,7196921.22,0,连续三个交易日内，涨幅偏离值累计达到20%的证券
20250617,002104.SZ,国泰海通证券股份有限公司上海长宁区江苏路证券营业部,100107743.0,1.48,102667858.0,1.52,-2560115.0,0,连续三个交易日内，涨幅偏离值累计达到20%的证券
20250617,002104.SZ,中信证券股份有限公司浙江分公司,94884369.0,1.4,54422458.0,0.8,40461911.0,0,连续三个交易日内，涨幅偏离值累计达到20%的证券
20250617,002104.SZ,东方财富证券股份有限公司昌都两江大道证券营业部,73448416.0,1.08,46253137.0,0.68,27195279.0,0,连续三个交易日内，涨幅偏离值累计达到20%的证券
20250617,002104.SZ,东方财富证券股份有限公司拉萨金融城南环路证券营业部,62428928.38,0.92,73848620.68,1.09,-11419692.3,0,连续三个交易日内，涨幅偏离值累计达到20%的证券
20250617,002104.SZ,中信证券股份有限公司浙江分公司,55267878.0,1.72,22308069.0,0.69,32959809.0,0,日涨幅偏离值达到7%的前5只证券
20250617,002104.SZ,深股通专用,47138133.0,1.46,151083633.0,4.69,-103945500.0,0,日涨幅偏离值达到7%的前5只证券
20250617,002104.SZ,机构专用,41501556.0,1.29,4529361.0,0.14,36972195.0,0,日涨幅偏离值达到7%的前5只证券
20250617,002104.SZ,广发证券股份有限公司深圳深南东路证券营业部,40093243.0,1.25,748035.0,0.02,39345208.0,0,日涨幅偏离值达到7%的前5只证券
20250617,002104.SZ,联储证券股份有限公司重庆江北嘴证券营业部,34500424.0,1.07,54618.0,0.0,34445806.0,0,日涨幅偏离值达到7%的前5只证券
20250617,002104.SZ,深股通专用,220750376.22,3.26,213553455.0,3.15,7196921.22,1,连续三个交易日内，涨幅偏离值累计达到20%的证券
20250617,002104.SZ,深股通专用,47138133.0,1.46,151083633.0,4.69,-103945500.0,1,日涨幅偏离值达到7%的前5只证券
20250617,002104.SZ,国泰海通证券股份有限公司上海长宁区江苏路证券营业部,100107743.0,1.48,102667858.0,1.52,-2560115.0,1,连续三个交易日内，涨幅偏离值累计达到20%的证券
20250617,002104.SZ,国泰海通证券股份有限公司上海长宁区江苏路证券营业部,874991.0,0.03,101220933.0,3.14,-100345942.0,1,日涨幅偏离值达到7%的前5只证券
20250617,002104.SZ,东方财富证券股份有限公司拉萨金融城南环路证券营业部,62428928.38,0.92,73848620.68,1.09,-11419692.3,1,连续三个交易日内，涨幅偏离值累计达到20%的证券
20250617,002104.SZ,广发证券股份有限公司汕头金砂路证券营业部,332975.0,0.0,73750777.0,1.09,-73417802.0,1,连续三个交易日内，涨幅偏离值累计达到20%的证券
20250617,002104.SZ,东方财富证券股份有限公司拉萨东环路第二证券营业部,61488579.0,0.91,62859020.41,0.93,-1370441.41,1,连续三个交易日内，涨幅偏离值累计达到20%的证券
20250617,002104.SZ,东莞证券股份有限公司四川分公司,2304385.0,0.07,30805771.0,0.96,-28501386.0,1,日涨幅偏离值达到7%的前5只证券
20250617,002104.SZ,东方财富证券股份有限公司拉萨金融城南环路证券营业部,27750963.38,0.86,29110311.0,0.9,-1359347.62,1,日涨幅偏离值达到7%的前5只证券
20250617,002104.SZ,东方财富证券股份有限公司拉萨东环路第二证券营业部,33174144.0,1.03,26860684.38,0.83,6313459.62,1,日涨幅偏离值达到7%的前5只证券
20250617,002141.SZ,中国银河证券股份有限公司青田龙津路证券营业部,9938379.0,2.17,0.0,0.0,9938379.0,0,连续三个交易日内，涨幅偏离值累计达到12%的ST证券、*ST证券和未完成股改证券
20250617,002141.SZ,机构专用,8634825.0,1.89,8347539.5,1.82,287285.5,0,连续三个交易日内，涨幅偏离值累计达到12%的ST证券、*ST证券和未完成股改证券
20250617,002141.SZ,中国银河证券股份有限公司南京江宁金箔路证券营业部,8331620.0,1.82,4141486.0,0.9,4190134.0,0,连续三个交易日内，涨幅偏离值累计达到12%的ST证券、*ST证券和未完成股改证券
20250617,002141.SZ,华泰证券股份有限公司杭州学院路证券营业部,6239550.0,1.36,8000.0,0.0,6231550.0,0,连续三个交易日内，涨幅偏离值累计达到12%的ST证券、*ST证券和未完成股改证券
20250617,002141.SZ,机构专用,6039546.0,1.32,4296369.0,0.94,1743177.0,0,连续三个交易日内，涨幅偏离值累计达到12%的ST证券、*ST证券和未完成股改证券
20250617,002141.SZ,光大证券股份有限公司东莞常平大道证券营业部,268250.0,0.06,8657997.0,1.89,-8389747.0,1,连续三个交易日内，涨幅偏离值累计达到12%的ST证券、*ST证券和未完成股改证券
20250617,002141.SZ,机构专用,8634825.0,1.89,8347539.5,1.82,287285.5,1,连续三个交易日内，涨幅偏离值累计达到12%的ST证券、*ST证券和未完成股改证券
20250617,002141.SZ,中泰证券股份有限公司招远温泉路证券营业部,4503993.0,0.98,7410406.0,1.62,-2906413.0,1,连续三个交易日内，涨幅偏离值累计达到12%的ST证券、*ST证券和未完成股改证券
20250617,002141.SZ,国金证券股份有限公司深圳分公司,4308516.0,0.94,7410112.0,1.62,-3101596.0,1,连续三个交易日内，涨幅偏离值累计达到12%的ST证券、*ST证券和未完成股改证券
20250617,002141.SZ,东北证券股份有限公司揭阳临江南路证券营业部,1529999.0,0.33,6444778.0,1.41,-4914779.0,1,连续三个交易日内，涨幅偏离值累计达到12%的ST证券、*ST证券和未完成股改证券
20250617,002177.SZ,机构专用,72417790.78,3.43,36368917.0,1.72,36048873.78,0,日换手率达到20%的前5只证券
20250617,002177.SZ,机构专用,51619985.0,2.45,100872042.4,4.78,-49252057.4,0,日换手率达到20%的前5只证券
20250617,002177.SZ,机构专用,36477637.0,1.73,24597327.0,1.17,11880310.0,0,日换手率达到20%的前5只证券
20250617,002177.SZ,机构专用,25904433.0,1.23,32491936.91,1.54,-6587503.91,0,日换手率达到20%的前5只证券
20250617,002177.SZ,中国银河证券股份有限公司北京中关村大街证券营业部,21374264.0,1.01,14855308.0,0.7,6518956.0,0,日换手率达到20%的前5只证券
20250617,002177.SZ,机构专用,51619985.0,2.45,100872042.4,4.78,-49252057.4,1,日换手率达到20%的前5只证券
20250617,002177.SZ,机构专用,72417790.78,3.43,36368917.0,1.72,36048873.78,1,日换手率达到20%的前5只证券
20250617,002177.SZ,机构专用,25904433.0,1.23,32491936.91,1.54,-6587503.91,1,日换手率达到20%的前5只证券
20250617,002177.SZ,中国国际金融股份有限公司上海分公司,17000706.0,0.81,27178993.0,1.29,-10178287.0,1,日换手率达到20%的前5只证券
20250617,002177.SZ,机构专用,36477637.0,1.73,24597327.0,1.17,11880310.0,1,日换手率达到20%的前5只证券
20250617,002181.SZ,深股通专用,91935633.96,2.41,69798946.86,1.83,22136687.1,0,连续三个交易日内，跌幅偏离值累计达到20%的证券
20250617,002181.SZ,东方财富证券股份有限公司拉萨金融城南环路证券营业部,45466842.8,1.19,46796398.72,1.23,-1329555.92,0,连续三个交易日内，跌幅偏离值累计达到20%的证券
20250617,002181.SZ,东方财富证券股份有限公司拉萨团结路第一证券营业部,40835566.0,1.07,34087377.0,0.89,6748189.0,0,连续三个交易日内，跌幅偏离值累计达到20%的证券
20250617,002181.SZ,东方财富证券股份有限公司拉萨东环路第二证券营业部,38063022.0,1.0,32613598.27,0.85,5449423.73,0,连续三个交易日内，跌幅偏离值累计达到20%的证券
20250617,002181.SZ,东方财富证券股份有限公司拉萨团结路第二证券营业部,34685732.14,0.91,30204523.04,0.79,4481209.1,0,连续三个交易日内，跌幅偏离值累计达到20%的证券
20250617,002181.SZ,深股通专用,91935633.96,2.41,69798946.86,1.83,22136687.1,1,连续三个交易日内，跌幅偏离值累计达到20%的证券
20250617,002181.SZ,粤开证券股份有限公司潮州潮州大道证券营业部,23103.0,0.0,58295674.0,1.53,-58272571.0,1,连续三个交易日内，跌幅偏离值累计达到20%的证券
20250617,002181.SZ,东方财富证券股份有限公司拉萨金融城南环路证券营业部,45466842.8,1.19,46796398.72,1.23,-1329555.92,1,连续三个交易日内，跌幅偏离值累计达到20%的证券
20250617,002181.SZ,机构专用,26061428.0,0.68,44926938.32,1.18,-18865510.32,1,连续三个交易日内，跌幅偏离值累计达到20%的证券
20250617,002181.SZ,国泰海通证券股份有限公司成都北一环路证券营业部,368863.0,0.01,35909562.0,0.94,-35540699.0,1,连续三个交易日内，跌幅偏离值累计达到20%的证券
20250617,002235.SZ,机构专用,34311775.54,2.03,32735502.47,1.93,1576273.07,0,日振幅值达到15%的前5只证券
20250617,002235.SZ,机构专用,34311775.54,2.03,32735502.47,1.93,1576273.07,0,日换手率达到20%的前5只证券
20250617,002235.SZ,东方财富证券股份有限公司拉萨金融城南环路证券营业部,18049414.27,1.07,17004390.58,1.0,1045023.69,0,日振幅值达到15%的前5只证券
20250617,002235.SZ,东方财富证券股份有限公司拉萨金融城南环路证券营业部,18049414.27,1.07,17004390.58,1.0,1045023.69,0,日换手率达到20%的前5只证券
20250617,002235.SZ,机构专用,17995176.0,1.06,16296929.0,0.96,1698247.0,0,日振幅值达到15%的前5只证券
20250617,002235.SZ,机构专用,17995176.0,1.06,16296929.0,0.96,1698247.0,0,日换手率达到20%的前5只证券
20250617,002235.SZ,国金证券股份有限公司深圳分公司,17722855.92,1.05,7253577.0,0.43,10469278.92,0,日振幅值达到15%的前5只证券
20250617,002235.SZ,国金证券股份有限公司深圳分公司,17722855.92,1.05,7253577.0,0.43,10469278.92,0,日换手率达到20%的前5只证券
20250617,002235.SZ,机构专用,17202217.0,1.02,2738935.0,0.16,14463282.0,0,日振幅值达到15%的前5只证券
20250617,002235.SZ,机构专用,17202217.0,1.02,2738935.0,0.16,14463282.0,0,日换手率达到20%的前5只证券
20250617,002235.SZ,机构专用,34311775.54,2.03,32735502.47,1.93,1576273.07,1,日振幅值达到15%的前5只证券
20250617,002235.SZ,机构专用,34311775.54,2.03,32735502.47,1.93,1576273.07,1,日换手率达到20%的前5只证券
20250617,002235.SZ,东方财富证券股份有限公司拉萨金融城南环路证券营业部,18049414.27,1.07,17004390.58,1.0,1045023.69,1,日振幅值达到15%的前5只证券
20250617,002235.SZ,东方财富证券股份有限公司拉萨金融城南环路证券营业部,18049414.27,1.07,17004390.58,1.0,1045023.69,1,日换手率达到20%的前5只证券
20250617,002235.SZ,机构专用,17995176.0,1.06,16296929.0,0.96,1698247.0,1,日振幅值达到15%的前5只证券
20250617,002235.SZ,机构专用,17995176.0,1.06,16296929.0,0.96,1698247.0,1,日换手率达到20%的前5只证券
20250617,002235.SZ,东方财富证券股份有限公司拉萨东环路第二证券营业部,16814498.0,0.99,16186483.97,0.96,628014.03,1,日振幅值达到15%的前5只证券
20250617,002235.SZ,东方财富证券股份有限公司拉萨东环路第二证券营业部,16814498.0,0.99,16186483.97,0.96,628014.03,1,日换手率达到20%的前5只证券
20250617,002235.SZ,东方财富证券股份有限公司拉萨团结路第一证券营业部,14850497.25,0.88,15548296.25,0.92,-697799.0,1,日振幅值达到15%的前5只证券
20250617,002235.SZ,东方财富证券股份有限公司拉萨团结路第一证券营业部,14850497.25,0.88,15548296.25,0.92,-697799.0,1,日换手率达到20%的前5只证券
20250617,002294.SZ,深股通专用,46441720.87,5.19,36586756.0,4.09,9854964.87,0,日跌幅偏离值达到7%的前5只证券
20250617,002294.SZ,机构专用,19419077.81,2.17,0.0,0.0,19419077.81,0,日跌幅偏离值达到7%的前5只证券
20250617,002294.SZ,机构专用,18241728.0,2.04,0.0,0.0,18241728.0,0,日跌幅偏离值达到7%的前5只证券
20250617,002294.SZ,机构专用,16716238.0,1.87,1040433.0,0.12,15675805.0,0,日跌幅偏离值达到7%的前5只证券
20250617,002294.SZ,机构专用,13609619.0,1.52,0.0,0.0,13609619.0,0,日跌幅偏离值达到7%的前5只证券
20250617,002294.SZ,深股通专用,46441720.87,5.19,36586756.0,4.09,9854964.87,1,日跌幅偏离值达到7%的前5只证券
20250617,002294.SZ,机构专用,0.0,0.0,35700351.0,3.99,-35700351.0,1,日跌幅偏离值达到7%的前5只证券
20250617,002294.SZ,机构专用,0.0,0.0,31307505.0,3.5,-31307505.0,1,日跌幅偏离值达到7%的前5只证券
20250617,002294.SZ,机构专用,0.0,0.0,28866774.0,3.23,-28866774.0,1,日跌幅偏离值达到7%的前5只证券
20250617,002294.SZ,机构专用,0.0,0.0,22915032.0,2.56,-22915032.0,1,日跌幅偏离值达到7%的前5只证券
20250617,002336.SZ,国金证券股份有限公司上海互联网证券分公司,450000.0,28.6,0.0,0.0,450000.0,0,退市整理期
20250617,002336.SZ,海通证券股份有限公司哈尔滨和兴路证券营业部,226125.0,14.37,0.0,0.0,226125.0,0,退市整理期
20250617,002336.SZ,浙商证券股份有限公司绍兴解放北路证券营业部,157140.0,9.99,0.0,0.0,157140.0,0,退市整理期
20250617,002336.SZ,华泰证券股份有限公司上海武定路证券营业部,88740.0,5.64,0.0,0.0,88740.0,0,退市整理期
20250617,002336.SZ,国金证券股份有限公司上海奉贤区金碧路证券营业部,67500.0,4.29,0.0,0.0,67500.0,0,退市整理期
20250617,002336.SZ,东兴证券股份有限公司石狮濠江路证券营业部,0.0,0.0,609284.7,38.73,-609284.7,1,退市整理期
20250617,002336.SZ,机构专用,0.0,0.0,301065.3,19.14,-301065.3,1,退市整理期
20250617,002336.SZ,东吴证券股份有限公司重庆聚贤岩广场证券营业部,0.0,0.0,224955.0,14.3,-224955.0,1,退市整理期
20250617,002336.SZ,申万宏源证券有限公司深圳上步中路证券营业部,0.0,0.0,157500.0,10.01,-157500.0,1,退市整理期
20250617,002336.SZ,国投证券股份有限公司肇庆四会大道南证券营业部,0.0,0.0,50760.0,3.23,-50760.0,1,退市整理期
20250617,002366.SZ,深股通专用,81940907.8,2.49,123536562.0,3.75,-41595654.2,0,日涨幅偏离值达到7%的前5只证券
20250617,002366.SZ,国泰海通证券股份有限公司上海静安区新闸路证券营业部,75068813.04,2.28,5650.0,0.0,75063163.04,0,日涨幅偏离值达到7%的前5只证券
20250617,002366.SZ,国泰海通证券股份有限公司成都北一环路证券营业部,70257816.0,2.13,4604281.0,0.14,65653535.0,0,日涨幅偏离值达到7%的前5只证券
20250617,002366.SZ,中泰证券股份有限公司湖北分公司,55819103.0,1.69,54188.0,0.0,55764915.0,0,日涨幅偏离值达到7%的前5只证券
20250617,002366.SZ,开源证券股份有限公司西安高新成章路证券营业部,51941862.0,1.58,31734.0,0.0,51910128.0,0,日涨幅偏离值达到7%的前5只证券
20250617,002366.SZ,深股通专用,81940907.8,2.49,123536562.0,3.75,-41595654.2,1,日涨幅偏离值达到7%的前5只证券
20250617,002366.SZ,机构专用,15532330.0,0.47,32167064.28,0.98,-16634734.28,1,日涨幅偏离值达到7%的前5只证券
20250617,002366.SZ,东方财富证券股份有限公司拉萨金融城南环路证券营业部,28165022.0,0.86,31764755.47,0.96,-3599733.47,1,日涨幅偏离值达到7%的前5只证券
20250617,002366.SZ,东方财富证券股份有限公司拉萨团结路第一证券营业部,30449941.21,0.92,31505900.92,0.96,-1055959.71,1,日涨幅偏离值达到7%的前5只证券
20250617,002366.SZ,东方财富证券股份有限公司拉萨东环路第二证券营业部,26931654.21,0.82,29669267.0,0.9,-2737612.79,1,日涨幅偏离值达到7%的前5只证券
20250617,002554.SZ,机构专用,14572280.0,2.75,8775166.0,1.66,5797114.0,0,日振幅值达到15%的前5只证券
20250617,002554.SZ,浙商证券股份有限公司衢州分公司,7438031.0,1.4,83436.0,0.02,7354595.0,0,日振幅值达到15%的前5只证券
20250617,002554.SZ,山西证券股份有限公司长治英雄南路证券营业部,5526289.0,1.04,19064.0,0.0,5507225.0,0,日振幅值达到15%的前5只证券
20250617,002554.SZ,招商证券股份有限公司深圳红岭路证券营业部,5457845.0,1.03,100715.0,0.02,5357130.0,0,日振幅值达到15%的前5只证券
20250617,002554.SZ,机构专用,4624390.0,0.87,6204774.0,1.17,-1580384.0,0,日振幅值达到15%的前5只证券
20250617,002554.SZ,机构专用,14572280.0,2.75,8775166.0,1.66,5797114.0,1,日振幅值达到15%的前5只证券
20250617,002554.SZ,东方财富证券股份有限公司浙江分公司,0.0,0.0,7886359.0,1.49,-7886359.0,1,日振幅值达到15%的前5只证券
20250617,002554.SZ,机构专用,4624390.0,0.87,6204774.0,1.17,-1580384.0,1,日振幅值达到15%的前5只证券
20250617,002554.SZ,东方财富证券股份有限公司拉萨东环路第一证券营业部,3650965.0,0.69,5302732.0,1.0,-1651767.0,1,日振幅值达到15%的前5只证券
20250617,002554.SZ,东方财富证券股份有限公司拉萨团结路第二证券营业部,3582783.0,0.68,5297568.0,1.0,-1714785.0,1,日振幅值达到15%的前5只证券
20250617,002615.SZ,东方财富证券股份有限公司拉萨东环路第二证券营业部,15778961.0,1.51,6636750.0,0.63,9142211.0,0,日跌幅偏离值达到7%的前5只证券
20250617,002615.SZ,国信证券股份有限公司浙江互联网分公司,14923184.0,1.42,4773908.0,0.46,10149276.0,0,日跌幅偏离值达到7%的前5只证券
20250617,002615.SZ,东方财富证券股份有限公司拉萨东环路第一证券营业部,14293816.0,1.36,5097734.0,0.49,9196082.0,0,日跌幅偏离值达到7%的前5只证券
20250617,002615.SZ,东方财富证券股份有限公司拉萨金融城南环路证券营业部,14122512.0,1.35,28889719.2,2.76,-14767207.2,0,日跌幅偏离值达到7%的前5只证券
20250617,002615.SZ,东方财富证券股份有限公司拉萨团结路第一证券营业部,11733891.0,1.12,6163249.0,0.59,5570642.0,0,日跌幅偏离值达到7%的前5只证券
20250617,002615.SZ,方正证券股份有限公司重庆金开大道证券营业部,26852.0,0.0,72412316.9,6.91,-72385464.9,1,日跌幅偏离值达到7%的前5只证券
20250617,002615.SZ,机构专用,4219726.0,0.4,39777114.1,3.8,-35557388.1,1,日跌幅偏离值达到7%的前5只证券
20250617,002615.SZ,中信证券股份有限公司浙江分公司,9696843.5,0.93,34471543.5,3.29,-24774700.0,1,日跌幅偏离值达到7%的前5只证券
20250617,002615.SZ,东方财富证券股份有限公司拉萨金融城南环路证券营业部,14122512.0,1.35,28889719.2,2.76,-14767207.2,1,日跌幅偏离值达到7%的前5只证券
20250617,002615.SZ,机构专用,538490.0,0.05,23380762.15,2.23,-22842272.15,1,日跌幅偏离值达到7%的前5只证券
20250617,002678.SZ,开源证券股份有限公司西安太华路证券营业部,38276274.4,6.87,52655263.94,9.46,-14378989.54,0,连续三个交易日内，涨幅偏离值累计达到20%的证券
20250617,002678.SZ,联储证券股份有限公司浙江分公司,28288409.4,5.08,0.0,0.0,28288409.4,0,连续三个交易日内，涨幅偏离值累计达到20%的证券
20250617,002678.SZ,国盛证券有限责任公司宁波天童南路证券营业部,23780744.0,4.27,82070.0,0.01,23698674.0,0,连续三个交易日内，涨幅偏离值累计达到20%的证券
20250617,002678.SZ,联储证券股份有限公司杭州环城北路证券营业部,23358000.0,4.19,0.0,0.0,23358000.0,0,连续三个交易日内，涨幅偏离值累计达到20%的证券
20250617,002678.SZ,机构专用,14503104.0,2.6,0.0,0.0,14503104.0,0,连续三个交易日内，涨幅偏离值累计达到20%的证券
20250617,002678.SZ,开源证券股份有限公司西安太华路证券营业部,38276274.4,6.87,52655263.94,9.46,-14378989.54,1,连续三个交易日内，涨幅偏离值累计达到20%的证券
20250617,002678.SZ,平安证券股份有限公司福州长乐北路证券营业部,829143.0,0.15,21778654.0,3.91,-20949511.0,1,连续三个交易日内，涨幅偏离值累计达到20%的证券
20250617,002678.SZ,平安证券股份有限公司银川凤凰北街证券营业部,187547.0,0.03,16219753.0,2.91,-16032206.0,1,连续三个交易日内，涨幅偏离值累计达到20%的证券
20250617,002678.SZ,深股通专用,9931357.0,1.78,10848296.7,1.95,-916939.7,1,连续三个交易日内，涨幅偏离值累计达到20%的证券
20250617,002678.SZ,国泰海通证券股份有限公司上海浦东新区福山路证券营业部,3640000.0,0.65,8442322.0,1.52,-4802322.0,1,连续三个交易日内，涨幅偏离值累计达到20%的证券
20250617,002731.SZ,机构专用,51448498.4,5.04,29888019.0,2.93,21560479.4,0,日跌幅偏离值达到7%的前5只证券
20250617,002731.SZ,机构专用,40850590.8,4.0,15543484.5,1.52,25307106.3,0,日跌幅偏离值达到7%的前5只证券
20250617,002731.SZ,中国国际金融股份有限公司上海分公司,23637684.8,2.32,8530672.0,0.84,15107012.8,0,日跌幅偏离值达到7%的前5只证券
20250617,002731.SZ,机构专用,23379905.0,2.29,4654827.0,0.46,18725078.0,0,日跌幅偏离值达到7%的前5只证券
20250617,002731.SZ,机构专用,18338460.5,1.8,8414917.0,0.82,9923543.5,0,日跌幅偏离值达到7%的前5只证券
20250617,002731.SZ,机构专用,51448498.4,5.04,29888019.0,2.93,21560479.4,1,日跌幅偏离值达到7%的前5只证券
20250617,002731.SZ,光大证券股份有限公司汕头华山路证券营业部,7277241.0,0.71,27360239.0,2.68,-20082998.0,1,日跌幅偏离值达到7%的前5只证券
20250617,002731.SZ,机构专用,5369298.0,0.53,25416076.0,2.49,-20046778.0,1,日跌幅偏离值达到7%的前5只证券
20250617,002731.SZ,国盛证券有限责任公司南昌北京西路证券营业部,0.0,0.0,25327974.0,2.48,-25327974.0,1,日跌幅偏离值达到7%的前5只证券
20250617,002731.SZ,机构专用,40850590.8,4.0,15543484.5,1.52,25307106.3,1,日跌幅偏离值达到7%的前5只证券
20250617,002750.SZ,广发证券股份有限公司昆明东风西路证券营业部,857584.0,11.86,0.0,0.0,857584.0,0,退市整理期
20250617,002750.SZ,中国中金财富证券有限公司广州番禺东兴路证券营业部,840698.0,11.63,683054.0,9.45,157644.0,0,退市整理期
20250617,002750.SZ,平安证券股份有限公司南通工农南路证券营业部,738523.0,10.22,343914.0,4.76,394609.0,0,退市整理期
20250617,002750.SZ,东莞证券股份有限公司东莞长安分公司,620000.0,8.58,0.0,0.0,620000.0,0,退市整理期
20250617,002750.SZ,中泰证券股份有限公司芜湖中山南路证券营业部,402143.0,5.56,254076.0,3.52,148067.0,0,退市整理期
20250617,002750.SZ,东方财富证券股份有限公司拉萨东环路第二证券营业部,2775.0,0.04,961678.0,13.3,-958903.0,1,退市整理期
20250617,002750.SZ,中国中金财富证券有限公司广州番禺东兴路证券营业部,840698.0,11.63,683054.0,9.45,157644.0,1,退市整理期
20250617,002750.SZ,海通证券股份有限公司遵义北海路证券营业部,0.0,0.0,663338.0,9.18,-663338.0,1,退市整理期
20250617,002750.SZ,中信建投证券股份有限公司福清福和路证券营业部,0.0,0.0,376750.0,5.21,-376750.0,1,退市整理期
20250617,002750.SZ,平安证券股份有限公司南通工农南路证券营业部,738523.0,10.22,343914.0,4.76,394609.0,1,退市整理期
20250617,002828.SZ,机构专用,18060135.4,1.49,3111645.0,0.26,14948490.4,0,日涨幅偏离值达到7%的前5只证券
20250617,002828.SZ,机构专用,18060135.4,1.49,3111645.0,0.26,14948490.4,0,日换手率达到20%的前5只证券
20250617,002828.SZ,机构专用,18060135.4,1.49,3111645.0,0.26,14948490.4,0,日振幅值达到15%的前5只证券
20250617,002828.SZ,机构专用,16703837.0,1.38,5360017.34,0.44,11343819.66,0,日涨幅偏离值达到7%的前5只证券
20250617,002828.SZ,机构专用,16703837.0,1.38,5360017.34,0.44,11343819.66,0,日换手率达到20%的前5只证券
20250617,002828.SZ,机构专用,16703837.0,1.38,5360017.34,0.44,11343819.66,0,日振幅值达到15%的前5只证券
20250617,002828.SZ,东方财富证券股份有限公司拉萨东环路第二证券营业部,14994660.0,1.24,3671929.0,0.3,11322731.0,0,日涨幅偏离值达到7%的前5只证券
20250617,002828.SZ,东方财富证券股份有限公司拉萨东环路第二证券营业部,14994660.0,1.24,3671929.0,0.3,11322731.0,0,日换手率达到20%的前5只证券
20250617,002828.SZ,东方财富证券股份有限公司拉萨东环路第二证券营业部,14994660.0,1.24,3671929.0,0.3,11322731.0,0,日振幅值达到15%的前5只证券
20250617,002828.SZ,国金证券股份有限公司深圳分公司,13833656.0,1.14,4751265.0,0.39,9082391.0,0,日涨幅偏离值达到7%的前5只证券
20250617,002828.SZ,国金证券股份有限公司深圳分公司,13833656.0,1.14,4751265.0,0.39,9082391.0,0,日换手率达到20%的前5只证券
20250617,002828.SZ,国金证券股份有限公司深圳分公司,13833656.0,1.14,4751265.0,0.39,9082391.0,0,日振幅值达到15%的前5只证券
20250617,002828.SZ,东方财富证券股份有限公司拉萨东环路第一证券营业部,13109929.0,1.08,3079598.0,0.25,10030331.0,0,日涨幅偏离值达到7%的前5只证券
20250617,002828.SZ,东方财富证券股份有限公司拉萨东环路第一证券营业部,13109929.0,1.08,3079598.0,0.25,10030331.0,0,日振幅值达到15%的前5只证券
20250617,002828.SZ,东方财富证券股份有限公司拉萨东环路第一证券营业部,13109929.0,1.08,3079598.0,0.25,10030331.0,0,日换手率达到20%的前5只证券
20250617,002828.SZ,中国银河证券股份有限公司绍兴证券营业部,849818.0,0.07,27828170.12,2.29,-26978352.12,1,日振幅值达到15%的前5只证券
20250617,002828.SZ,中国银河证券股份有限公司绍兴证券营业部,849818.0,0.07,27828170.12,2.29,-26978352.12,1,日换手率达到20%的前5只证券
20250617,002828.SZ,中国银河证券股份有限公司绍兴证券营业部,849818.0,0.07,27828170.12,2.29,-26978352.12,1,日涨幅偏离值达到7%的前5只证券
20250617,002828.SZ,国盛证券有限责任公司宁波桑田路证券营业部,1144480.0,0.09,25189264.74,2.08,-24044784.74,1,日振幅值达到15%的前5只证券
20250617,002828.SZ,国盛证券有限责任公司宁波桑田路证券营业部,1144480.0,0.09,25189264.74,2.08,-24044784.74,1,日换手率达到20%的前5只证券
20250617,002828.SZ,国盛证券有限责任公司宁波桑田路证券营业部,1144480.0,0.09,25189264.74,2.08,-24044784.74,1,日涨幅偏离值达到7%的前5只证券
20250617,002828.SZ,华鑫证券有限责任公司深圳益田路证券营业部,109890.0,0.01,19254578.0,1.59,-19144688.0,1,日振幅值达到15%的前5只证券
20250617,002828.SZ,华鑫证券有限责任公司深圳益田路证券营业部,109890.0,0.01,19254578.0,1.59,-19144688.0,1,日换手率达到20%的前5只证券
20250617,002828.SZ,华鑫证券有限责任公司深圳益田路证券营业部,109890.0,0.01,19254578.0,1.59,-19144688.0,1,日涨幅偏离值达到7%的前5只证券
20250617,002828.SZ,开源证券股份有限公司西安太华路证券营业部,0.0,0.0,18200749.73,1.5,-18200749.73,1,日振幅值达到15%的前5只证券
20250617,002828.SZ,开源证券股份有限公司西安太华路证券营业部,0.0,0.0,18200749.73,1.5,-18200749.73,1,日换手率达到20%的前5只证券
20250617,002828.SZ,开源证券股份有限公司西安太华路证券营业部,0.0,0.0,18200749.73,1.5,-18200749.73,1,日涨幅偏离值达到7%的前5只证券
20250617,002828.SZ,东北证券股份有限公司青岛分公司,196332.0,0.02,16245628.0,1.34,-16049296.0,1,日振幅值达到15%的前5只证券
20250617,002828.SZ,东北证券股份有限公司青岛分公司,196332.0,0.02,16245628.0,1.34,-16049296.0,1,日涨幅偏离值达到7%的前5只证券
20250617,002828.SZ,东北证券股份有限公司青岛分公司,196332.0,0.02,16245628.0,1.34,-16049296.0,1,日换手率达到20%的前5只证券
20250617,002878.SZ,东方财富证券股份有限公司拉萨金融城南环路证券营业部,28793356.0,1.14,21866631.35,0.86,6926724.65,0,日跌幅偏离值达到7%的前5只证券
20250617,002878.SZ,东方财富证券股份有限公司拉萨金融城南环路证券营业部,28793356.0,1.14,21866631.35,0.86,6926724.65,0,日换手率达到20%的前5只证券
20250617,002878.SZ,中国银河证券股份有限公司大连黄河路证券营业部,28009610.24,1.11,13019.0,0.0,27996591.24,0,日跌幅偏离值达到7%的前5只证券
20250617,002878.SZ,中国银河证券股份有限公司大连黄河路证券营业部,28009610.24,1.11,13019.0,0.0,27996591.24,0,日换手率达到20%的前5只证券
20250617,002878.SZ,东方财富证券股份有限公司拉萨东环路第二证券营业部,27616838.0,1.09,14905583.7,0.59,12711254.3,0,日跌幅偏离值达到7%的前5只证券
20250617,002878.SZ,东方财富证券股份有限公司拉萨东环路第二证券营业部,27616838.0,1.09,14905583.7,0.59,12711254.3,0,日换手率达到20%的前5只证券
20250617,002878.SZ,国信证券股份有限公司浙江互联网分公司,27548603.0,1.09,8337166.0,0.33,19211437.0,0,日跌幅偏离值达到7%的前5只证券
20250617,002878.SZ,国信证券股份有限公司浙江互联网分公司,27548603.0,1.09,8337166.0,0.33,19211437.0,0,日换手率达到20%的前5只证券
20250617,002878.SZ,东方财富证券股份有限公司拉萨团结路第一证券营业部,24011190.96,0.95,19480368.0,0.77,4530822.96,0,日跌幅偏离值达到7%的前5只证券
20250617,002878.SZ,东方财富证券股份有限公司拉萨团结路第一证券营业部,24011190.96,0.95,19480368.0,0.77,4530822.96,0,日换手率达到20%的前5只证券
20250617,002878.SZ,机构专用,18777896.0,0.74,57107921.92,2.26,-38330025.92,1,日跌幅偏离值达到7%的前5只证券
20250617,002878.SZ,机构专用,18777896.0,0.74,57107921.92,2.26,-38330025.92,1,日换手率达到20%的前5只证券
20250617,002878.SZ,中泰证券股份有限公司湖北分公司,664792.0,0.03,50460640.75,1.99,-49795848.75,1,日跌幅偏离值达到7%的前5只证券
20250617,002878.SZ,中泰证券股份有限公司湖北分公司,664792.0,0.03,50460640.75,1.99,-49795848.75,1,日换手率达到20%的前5只证券
20250617,002878.SZ,华林证券股份有限公司北京分公司,769625.0,0.03,39102582.54,1.55,-38332957.54,1,日跌幅偏离值达到7%的前5只证券
20250617,002878.SZ,华林证券股份有限公司北京分公司,769625.0,0.03,39102582.54,1.55,-38332957.54,1,日换手率达到20%的前5只证券
20250617,002878.SZ,开源证券股份有限公司西安太华路证券营业部,72864.0,0.0,38271846.63,1.51,-38198982.63,1,日跌幅偏离值达到7%的前5只证券
20250617,002878.SZ,开源证券股份有限公司西安太华路证券营业部,72864.0,0.0,38271846.63,1.51,-38198982.63,1,日换手率达到20%的前5只证券
20250617,002878.SZ,中泰证券股份有限公司江西分公司,1108890.0,0.04,35308445.94,1.4,-34199555.94,1,日跌幅偏离值达到7%的前5只证券
20250617,002878.SZ,中泰证券股份有限公司江西分公司,1108890.0,0.04,35308445.94,1.4,-34199555.94,1,日换手率达到20%的前5只证券
20250617,002898.SZ,东方财富证券股份有限公司拉萨团结路第二证券营业部,4427934.3,1.69,1766841.5,0.67,2661092.8,0,连续三个交易日内，涨幅偏离值累计达到12%的ST证券、*ST证券和未完成股改证券
20250617,002898.SZ,东方财富证券股份有限公司拉萨金融城南环路证券营业部,3821800.9,1.46,3326099.0,1.27,495701.9,0,连续三个交易日内，涨幅偏离值累计达到12%的ST证券、*ST证券和未完成股改证券
20250617,002898.SZ,东方财富证券股份有限公司拉萨东环路第二证券营业部,3740576.9,1.42,2836808.8,1.08,903768.1,0,连续三个交易日内，涨幅偏离值累计达到12%的ST证券、*ST证券和未完成股改证券
20250617,002898.SZ,东亚前海证券有限责任公司浙江分公司,3364343.0,1.28,3529413.0,1.34,-165070.0,0,连续三个交易日内，涨幅偏离值累计达到12%的ST证券、*ST证券和未完成股改证券
20250617,002898.SZ,国金证券股份有限公司深圳湾一号证券营业部,3265828.0,1.24,4927459.3,1.88,-1661631.3,0,连续三个交易日内，涨幅偏离值累计达到12%的ST证券、*ST证券和未完成股改证券
20250617,002898.SZ,国金证券股份有限公司深圳湾一号证券营业部,3265828.0,1.24,4927459.3,1.88,-1661631.3,1,连续三个交易日内，涨幅偏离值累计达到12%的ST证券、*ST证券和未完成股改证券
20250617,002898.SZ,国信证券股份有限公司成都二环路证券营业部,0.0,0.0,4692231.0,1.79,-4692231.0,1,连续三个交易日内，涨幅偏离值累计达到12%的ST证券、*ST证券和未完成股改证券
20250617,002898.SZ,中航证券有限公司新余劳动北路证券营业部,781332.0,0.3,4464058.0,1.7,-3682726.0,1,连续三个交易日内，涨幅偏离值累计达到12%的ST证券、*ST证券和未完成股改证券
20250617,002898.SZ,华创证券有限责任公司北京西直门证券营业部,94508.0,0.04,4157160.0,1.58,-4062652.0,1,连续三个交易日内，涨幅偏离值累计达到12%的ST证券、*ST证券和未完成股改证券
20250617,002898.SZ,招商证券股份有限公司北京海淀大街证券营业部,0.0,0.0,3824956.0,1.46,-3824956.0,1,连续三个交易日内，涨幅偏离值累计达到12%的ST证券、*ST证券和未完成股改证券
20250617,002951.SZ,申万宏源证券有限公司南京胜利路证券营业部,8721084.76,1.24,0.0,0.0,8721084.76,0,日振幅值达到15%的前5只证券
20250617,002951.SZ,平安证券股份有限公司三亚新风街证券营业部,6427712.0,0.92,1424076.0,0.2,5003636.0,0,日振幅值达到15%的前5只证券
20250617,002951.SZ,国信证券股份有限公司浙江互联网分公司,6309118.0,0.9,4260954.0,0.61,2048164.0,0,日振幅值达到15%的前5只证券
20250617,002951.SZ,中信证券股份有限公司浙江分公司,5595767.0,0.8,5695175.0,0.81,-99408.0,0,日振幅值达到15%的前5只证券
20250617,002951.SZ,中信建投证券股份有限公司北京鸿翼分公司,5440090.0,0.78,2786342.0,0.4,2653748.0,0,日振幅值达到15%的前5只证券
20250617,002951.SZ,中国银河证券股份有限公司大连黄河路证券营业部,29944.0,0.0,48393216.9,6.9,-48363272.9,1,日振幅值达到15%的前5只证券
20250617,002951.SZ,国金证券股份有限公司深圳分公司,1443785.0,0.21,11074346.0,1.58,-9630561.0,1,日振幅值达到15%的前5只证券
20250617,002951.SZ,机构专用,0.0,0.0,10416229.0,1.48,-10416229.0,1,日振幅值达到15%的前5只证券
20250617,002951.SZ,国金证券股份有限公司上海静安区南京西路证券营业部,1413723.0,0.2,6574710.0,0.94,-5160987.0,1,日振幅值达到15%的前5只证券
20250617,002951.SZ,广发证券股份有限公司温州瓯江路证券营业部,210108.0,0.03,6412880.0,0.91,-6202772.0,1,日振幅值达到15%的前5只证券
20250617,123256.SZ,湘财证券股份有限公司合肥长江中路证券营业部,5469321.0,30.41,0.0,0.0,5469321.0,0,上市首日可转债
20250617,123256.SZ,东吴证券股份有限公司苏州相城区珍珠湖路证券营业部,5054764.0,28.11,0.0,0.0,5054764.0,0,上市首日可转债
20250617,123256.SZ,东北证券股份有限公司宁波江安路证券营业部,4541680.0,25.25,3146.0,0.02,4538534.0,0,上市首日可转债
20250617,123256.SZ,东兴证券股份有限公司深圳金田路证券营业部,1821690.0,10.13,0.0,0.0,1821690.0,0,上市首日可转债
20250617,123256.SZ,世纪证券有限责任公司深圳罗湖分公司,990203.5,5.51,0.0,0.0,990203.5,0,上市首日可转债
20250617,123256.SZ,机构专用,0.0,0.0,781938.3,4.35,-781938.3,1,上市首日可转债
20250617,123256.SZ,国信证券股份有限公司北京昌平证券营业部,0.0,0.0,376890.8,2.1,-376890.8,1,上市首日可转债
20250617,123256.SZ,东莞证券股份有限公司东莞横沥中山东路证券营业部,0.0,0.0,321113.0,1.79,-321113.0,1,上市首日可转债
20250617,123256.SZ,华泰证券股份有限公司上海宝山区牡丹江路证券营业部,0.0,0.0,251828.2,1.4,-251828.2,1,上市首日可转债
20250617,123256.SZ,广发证券股份有限公司重庆江北嘴证券营业部,0.0,0.0,202229.3,1.12,-202229.3,1,上市首日可转债
20250617,300016.SZ,开源证券股份有限公司西安太华路证券营业部,38343577.0,4.49,0.0,0.0,38343577.0,0,日涨幅达到15%的前5只证券
20250617,300016.SZ,华鑫证券有限责任公司成都交子大道证券营业部,15924194.58,1.86,0.0,0.0,15924194.58,0,日涨幅达到15%的前5只证券
20250617,300016.SZ,华鑫证券有限责任公司上海光复路证券营业部,14558363.0,1.7,24872.0,0.0,14533491.0,0,日涨幅达到15%的前5只证券
20250617,300016.SZ,中泰证券股份有限公司常州惠国路证券营业部,12552883.0,1.47,185808.0,0.02,12367075.0,0,日涨幅达到15%的前5只证券
20250617,300016.SZ,机构专用,12439114.0,1.46,10629735.08,1.24,1809378.92,0,日涨幅达到15%的前5只证券
20250617,300016.SZ,中信建投证券股份有限公司北京望京证券营业部,975.0,0.0,23016656.0,2.69,-23015681.0,1,日涨幅达到15%的前5只证券
20250617,300016.SZ,机构专用,12439114.0,1.46,10629735.08,1.24,1809378.92,1,日涨幅达到15%的前5只证券
20250617,300016.SZ,方正证券股份有限公司杭州白石巷证券营业部,19829.0,0.0,10282541.0,1.2,-10262712.0,1,日涨幅达到15%的前5只证券
20250617,300016.SZ,大同证券有限责任公司太原分公司,1027306.0,0.12,8907830.0,1.04,-7880524.0,1,日涨幅达到15%的前5只证券
20250617,300016.SZ,中国中金财富证券有限公司深圳市深圳湾一号证券营业部,535654.0,0.06,8599263.0,1.01,-8063609.0,1,日涨幅达到15%的前5只证券
20250617,300157.SZ,机构专用,47950812.36,3.31,26891796.72,1.86,21059015.64,0,日涨幅达到15%的前5只证券
20250617,300157.SZ,东方财富证券股份有限公司拉萨团结路第二证券营业部,26315166.0,1.82,14203449.0,0.98,12111717.0,0,日涨幅达到15%的前5只证券
20250617,300157.SZ,中国银河证券股份有限公司北京中关村大街证券营业部,24365275.0,1.68,85158.0,0.01,24280117.0,0,日涨幅达到15%的前5只证券
20250617,300157.SZ,东方财富证券股份有限公司拉萨东环路第二证券营业部,15202369.0,1.05,18018548.0,1.24,-2816179.0,0,日涨幅达到15%的前5只证券
20250617,300157.SZ,东方财富证券股份有限公司拉萨团结路第一证券营业部,13757209.0,0.95,12488169.0,0.86,1269040.0,0,日涨幅达到15%的前5只证券
20250617,300157.SZ,机构专用,47950812.36,3.31,26891796.72,1.86,21059015.64,1,日涨幅达到15%的前5只证券
20250617,300157.SZ,东方财富证券股份有限公司拉萨东环路第二证券营业部,15202369.0,1.05,18018548.0,1.24,-2816179.0,1,日涨幅达到15%的前5只证券
20250617,300157.SZ,中国国际金融股份有限公司上海分公司,9714461.0,0.67,17614756.64,1.22,-7900295.64,1,日涨幅达到15%的前5只证券
20250617,300157.SZ,东方财富证券股份有限公司拉萨团结路第二证券营业部,26315166.0,1.82,14203449.0,0.98,12111717.0,1,日涨幅达到15%的前5只证券
20250617,300157.SZ,东方财富证券股份有限公司拉萨团结路第一证券营业部,13757209.0,0.95,12488169.0,0.86,1269040.0,1,日涨幅达到15%的前5只证券
20250617,300164.SZ,机构专用,62149977.95,2.75,40394448.6,1.78,21755529.35,0,日换手率达到30%的前5只证券
20250617,300164.SZ,机构专用,62149977.95,2.75,40394448.6,1.78,21755529.35,0,日振幅值达到30%的前5只证券
20250617,300164.SZ,国泰海通证券股份有限公司上海静安区新闸路证券营业部,41443229.0,1.83,0.0,0.0,41443229.0,0,日换手率达到30%的前5只证券
20250617,300164.SZ,国泰海通证券股份有限公司上海静安区新闸路证券营业部,41443229.0,1.83,0.0,0.0,41443229.0,0,日振幅值达到30%的前5只证券
20250617,300164.SZ,国金证券股份有限公司深圳分公司,31314030.15,1.38,6281235.0,0.28,25032795.15,0,日换手率达到30%的前5只证券
20250617,300164.SZ,国金证券股份有限公司深圳分公司,31314030.15,1.38,6281235.0,0.28,25032795.15,0,日振幅值达到30%的前5只证券
20250617,300164.SZ,中国国际金融股份有限公司上海分公司,28854679.0,1.27,15678646.0,0.69,13176033.0,0,日换手率达到30%的前5只证券
20250617,300164.SZ,中国国际金融股份有限公司上海分公司,28854679.0,1.27,15678646.0,0.69,13176033.0,0,日振幅值达到30%的前5只证券
20250617,300164.SZ,机构专用,26267687.63,1.16,6922510.0,0.31,19345177.63,0,日换手率达到30%的前5只证券
20250617,300164.SZ,机构专用,26267687.63,1.16,6922510.0,0.31,19345177.63,0,日振幅值达到30%的前5只证券
20250617,300164.SZ,机构专用,62149977.95,2.75,40394448.6,1.78,21755529.35,1,日换手率达到30%的前5只证券
20250617,300164.SZ,机构专用,62149977.95,2.75,40394448.6,1.78,21755529.35,1,日振幅值达到30%的前5只证券
20250617,300164.SZ,华泰证券股份有限公司江阴福泰路证券营业部,3968351.0,0.18,25148362.0,1.11,-21180011.0,1,日换手率达到30%的前5只证券
20250617,300164.SZ,华泰证券股份有限公司江阴福泰路证券营业部,3968351.0,0.18,25148362.0,1.11,-21180011.0,1,日振幅值达到30%的前5只证券
20250617,300164.SZ,西南证券股份有限公司陕西分公司,104683.0,0.0,21142337.0,0.93,-21037654.0,1,日换手率达到30%的前5只证券
20250617,300164.SZ,西南证券股份有限公司陕西分公司,104683.0,0.0,21142337.0,0.93,-21037654.0,1,日振幅值达到30%的前5只证券
20250617,300164.SZ,中信建投证券股份有限公司东三环中路证券营业部,1393960.0,0.06,21076139.26,0.93,-19682179.26,1,日换手率达到30%的前5只证券
20250617,300164.SZ,中信建投证券股份有限公司东三环中路证券营业部,1393960.0,0.06,21076139.26,0.93,-19682179.26,1,日振幅值达到30%的前5只证券
20250617,300164.SZ,东方财富证券股份有限公司拉萨东环路第二证券营业部,15068374.0,0.67,20672115.54,0.91,-5603741.54,1,日换手率达到30%的前5只证券
20250617,300164.SZ,东方财富证券股份有限公司拉萨东环路第二证券营业部,15068374.0,0.67,20672115.54,0.91,-5603741.54,1,日振幅值达到30%的前5只证券
20250617,300457.SZ,深股通专用,48043664.5,3.29,19774570.0,1.35,28269094.5,0,日涨幅达到15%的前5只证券
20250617,300457.SZ,国泰海通证券股份有限公司宜昌沿江大道证券营业部,42855933.0,2.93,0.0,0.0,42855933.0,0,日涨幅达到15%的前5只证券
20250617,300457.SZ,机构专用,30987099.0,2.12,1471508.06,0.1,29515590.94,0,日涨幅达到15%的前5只证券
20250617,300457.SZ,国盛证券有限责任公司宁波桑田路证券营业部,27195529.0,1.86,464492.0,0.03,26731037.0,0,日涨幅达到15%的前5只证券
20250617,300457.SZ,机构专用,21943960.0,1.5,3991140.15,0.27,17952819.85,0,日涨幅达到15%的前5只证券
20250617,300457.SZ,东吴证券股份有限公司昆山环城北路证券营业部,2510914.0,0.17,22047743.29,1.51,-19536829.29,1,日涨幅达到15%的前5只证券
20250617,300457.SZ,国金证券股份有限公司上海静安区南京西路证券营业部,7192878.0,0.49,20938861.0,1.43,-13745983.0,1,日涨幅达到15%的前5只证券
20250617,300457.SZ,深股通专用,48043664.5,3.29,19774570.0,1.35,28269094.5,1,日涨幅达到15%的前5只证券
20250617,300457.SZ,方正证券股份有限公司郴州宜章南京东路证券营业部,0.0,0.0,17519280.0,1.2,-17519280.0,1,日涨幅达到15%的前5只证券
20250617,300457.SZ,海通证券股份有限公司上海徐汇区柳州路证券营业部,660396.0,0.05,14731932.0,1.01,-14071536.0,1,日涨幅达到15%的前5只证券
20250617,300468.SZ,深股通专用,576547957.72,3.23,531840660.12,2.98,44707297.6,0,连续三个交易日内，涨幅偏离值累计达到30%的证券
20250617,300468.SZ,东方财富证券股份有限公司拉萨东环路第二证券营业部,193995792.92,1.09,193434375.96,1.08,561416.96,0,连续三个交易日内，涨幅偏离值累计达到30%的证券
20250617,300468.SZ,机构专用,168664919.43,0.95,83696763.36,0.47,84968156.07,0,连续三个交易日内，涨幅偏离值累计达到30%的证券
20250617,300468.SZ,东方财富证券股份有限公司拉萨团结路第二证券营业部,167629078.8,0.94,169458152.38,0.95,-1829073.58,0,连续三个交易日内，涨幅偏离值累计达到30%的证券
20250617,300468.SZ,东方财富证券股份有限公司拉萨团结路第一证券营业部,162525598.19,0.91,147299923.57,0.83,15225674.62,0,连续三个交易日内，涨幅偏离值累计达到30%的证券
20250617,300468.SZ,深股通专用,576547957.72,3.23,531840660.12,2.98,44707297.6,1,连续三个交易日内，涨幅偏离值累计达到30%的证券
20250617,300468.SZ,东方财富证券股份有限公司拉萨东环路第二证券营业部,193995792.92,1.09,193434375.96,1.08,561416.96,1,连续三个交易日内，涨幅偏离值累计达到30%的证券
20250617,300468.SZ,东方财富证券股份有限公司拉萨团结路第二证券营业部,167629078.8,0.94,169458152.38,0.95,-1829073.58,1,连续三个交易日内，涨幅偏离值累计达到30%的证券
20250617,300468.SZ,东方财富证券股份有限公司拉萨团结路第一证券营业部,162525598.19,0.91,147299923.57,0.83,15225674.62,1,连续三个交易日内，涨幅偏离值累计达到30%的证券
20250617,300468.SZ,东方财富证券股份有限公司拉萨东环路第一证券营业部,128930897.24,0.72,129812919.49,0.73,-882022.25,1,连续三个交易日内，涨幅偏离值累计达到30%的证券
20250617,300546.SZ,东方财富证券股份有限公司拉萨团结路第一证券营业部,29955540.1,1.14,34588104.4,1.31,-4632564.3,0,日换手率达到30%的前5只证券
20250617,300546.SZ,东方财富证券股份有限公司拉萨团结路第二证券营业部,25456806.65,0.97,35005406.79,1.33,-9548600.14,0,日换手率达到30%的前5只证券
20250617,300546.SZ,东方财富证券股份有限公司拉萨东环路第一证券营业部,25403537.65,0.97,25258524.37,0.96,145013.28,0,日换手率达到30%的前5只证券
20250617,300546.SZ,东方财富证券股份有限公司拉萨东环路第二证券营业部,23422136.03,0.89,26354355.42,1.0,-2932219.39,0,日换手率达到30%的前5只证券
20250617,300546.SZ,东方财富证券股份有限公司拉萨东城区江苏大道证券营业部,19681851.95,0.75,15707327.7,0.6,3974524.25,0,日换手率达到30%的前5只证券
20250617,300546.SZ,东方财富证券股份有限公司拉萨团结路第二证券营业部,25456806.65,0.97,35005406.79,1.33,-9548600.14,1,日换手率达到30%的前5只证券
20250617,300546.SZ,东方财富证券股份有限公司拉萨团结路第一证券营业部,29955540.1,1.14,34588104.4,1.31,-4632564.3,1,日换手率达到30%的前5只证券
20250617,300546.SZ,东方财富证券股份有限公司拉萨东环路第二证券营业部,23422136.03,0.89,26354355.42,1.0,-2932219.39,1,日换手率达到30%的前5只证券
20250617,300546.SZ,东方财富证券股份有限公司拉萨东环路第一证券营业部,25403537.65,0.97,25258524.37,0.96,145013.28,1,日换手率达到30%的前5只证券
20250617,300546.SZ,机构专用,6612747.0,0.25,21886168.6,0.83,-15273421.6,1,日换手率达到30%的前5只证券
20250617,300581.SZ,深股通专用,328724727.47,5.15,306110591.76,4.8,22614135.71,0,连续三个交易日内，涨幅偏离值累计达到30%的证券
20250617,300581.SZ,机构专用,64957029.1,1.02,51718388.0,0.81,13238641.1,0,连续三个交易日内，涨幅偏离值累计达到30%的证券
20250617,300581.SZ,机构专用,62665987.8,0.98,30536580.0,0.48,32129407.8,0,连续三个交易日内，涨幅偏离值累计达到30%的证券
20250617,300581.SZ,机构专用,61587793.32,0.96,78527507.0,1.23,-16939713.68,0,连续三个交易日内，涨幅偏离值累计达到30%的证券
20250617,300581.SZ,中国国际金融股份有限公司上海分公司,57741793.4,0.9,51488780.24,0.81,6253013.16,0,连续三个交易日内，涨幅偏离值累计达到30%的证券
20250617,300581.SZ,深股通专用,328724727.47,5.15,306110591.76,4.8,22614135.71,1,连续三个交易日内，涨幅偏离值累计达到30%的证券
20250617,300581.SZ,机构专用,61587793.32,0.96,78527507.0,1.23,-16939713.68,1,连续三个交易日内，涨幅偏离值累计达到30%的证券
20250617,300581.SZ,机构专用,64957029.1,1.02,51718388.0,0.81,13238641.1,1,连续三个交易日内，涨幅偏离值累计达到30%的证券
20250617,300581.SZ,中国国际金融股份有限公司上海分公司,57741793.4,0.9,51488780.24,0.81,6253013.16,1,连续三个交易日内，涨幅偏离值累计达到30%的证券
20250617,300581.SZ,东方财富证券股份有限公司拉萨东环路第二证券营业部,50080510.4,0.78,49403915.02,0.77,676595.38,1,连续三个交易日内，涨幅偏离值累计达到30%的证券
20250617,300753.SZ,广发证券股份有限公司杭州富春路证券营业部,207742400.0,42.1,16540.0,0.0,207725860.0,0,日涨幅达到15%的前5只证券
20250617,300753.SZ,开源证券股份有限公司西安太华路证券营业部,33076692.0,6.7,0.0,0.0,33076692.0,0,日涨幅达到15%的前5只证券
20250617,300753.SZ,华鑫证券有限责任公司上海分公司,24532128.0,4.97,26464.0,0.01,24505664.0,0,日涨幅达到15%的前5只证券
20250617,300753.SZ,麦高证券有限责任公司北京第二分公司,19034232.0,3.86,0.0,0.0,19034232.0,0,日涨幅达到15%的前5只证券
20250617,300753.SZ,东亚前海证券有限责任公司苏州分公司,14508888.0,2.94,105856.0,0.02,14403032.0,0,日涨幅达到15%的前5只证券
20250617,300753.SZ,方正证券股份有限公司杭州南山路证券营业部,3308.0,0.0,16872387.84,3.42,-16869079.84,1,日涨幅达到15%的前5只证券
20250617,300753.SZ,招商证券股份有限公司扬州汶河北路证券营业部,62852.0,0.01,13232000.0,2.68,-13169148.0,1,日涨幅达到15%的前5只证券
20250617,300753.SZ,汇丰前海证券有限责任公司深圳前海证券营业部,0.0,0.0,13232000.0,2.68,-13232000.0,1,日涨幅达到15%的前5只证券
20250617,300753.SZ,中信证券股份有限公司杭州滨盛路证券营业部,0.0,0.0,8458556.0,1.71,-8458556.0,1,日涨幅达到15%的前5只证券
20250617,300753.SZ,机构专用,0.0,0.0,8267320.52,1.68,-8267320.52,1,日涨幅达到15%的前5只证券
20250617,300773.SZ,深股通专用,404683484.81,3.38,278023533.62,2.32,126659951.19,0,连续三个交易日内，涨幅偏离值累计达到30%的证券
20250617,300773.SZ,国泰海通证券股份有限公司宜昌沿江大道证券营业部,129293007.0,1.08,1923283.0,0.02,127369724.0,0,连续三个交易日内，涨幅偏离值累计达到30%的证券
20250617,300773.SZ,中国银河证券股份有限公司大连黄河路证券营业部,113293136.0,0.95,1236305.0,0.01,112056831.0,0,连续三个交易日内，涨幅偏离值累计达到30%的证券
20250617,300773.SZ,开源证券股份有限公司西安太华路证券营业部,105026980.16,0.88,823131.0,0.01,104203849.16,0,连续三个交易日内，涨幅偏离值累计达到30%的证券
20250617,300773.SZ,华林证券股份有限公司北京分公司,104278690.0,0.87,3698079.0,0.03,100580611.0,0,连续三个交易日内，涨幅偏离值累计达到30%的证券
20250617,300773.SZ,深股通专用,404683484.81,3.38,278023533.62,2.32,126659951.19,1,连续三个交易日内，涨幅偏离值累计达到30%的证券
20250617,300773.SZ,东方财富证券股份有限公司拉萨团结路第二证券营业部,85051111.0,0.71,112848109.0,0.94,-27796998.0,1,连续三个交易日内，涨幅偏离值累计达到30%的证券
20250617,300773.SZ,招商证券股份有限公司北京车公庄西路证券营业部,3217600.0,0.03,93550578.0,0.78,-90332978.0,1,连续三个交易日内，涨幅偏离值累计达到30%的证券
20250617,300773.SZ,东方财富证券股份有限公司拉萨东环路第二证券营业部,101813583.0,0.85,89283815.0,0.75,12529768.0,1,连续三个交易日内，涨幅偏离值累计达到30%的证券
20250617,300773.SZ,东方财富证券股份有限公司拉萨东环路第一证券营业部,76814596.0,0.64,75524241.29,0.63,1290354.71,1,连续三个交易日内，涨幅偏离值累计达到30%的证券
20250617,300941.SZ,国泰海通证券股份有限公司上海松江区中山东路证券营业部,40278616.0,4.27,0.0,0.0,40278616.0,0,日涨幅达到15%的前5只证券
20250617,300941.SZ,华鑫证券有限责任公司上海云锦路证券营业部,26206152.0,2.78,3112.0,0.0,26203040.0,0,日涨幅达到15%的前5只证券
20250617,300941.SZ,麦高证券有限责任公司北京第二分公司,25997648.0,2.76,0.0,0.0,25997648.0,0,日涨幅达到15%的前5只证券
20250617,300941.SZ,机构专用,21941699.0,2.33,6606446.0,0.7,15335253.0,0,日涨幅达到15%的前5只证券
20250617,300941.SZ,华鑫证券有限责任公司上海分公司,21636787.0,2.29,73131.0,0.01,21563656.0,0,日涨幅达到15%的前5只证券
20250617,300941.SZ,东吴证券股份有限公司上海西藏南路证券营业部,1627895.0,0.17,14948273.0,1.58,-13320378.0,1,日涨幅达到15%的前5只证券
20250617,300941.SZ,国泰海通证券股份有限公司南昌进贤军湖路证券营业部,11864.0,0.0,12301736.0,1.3,-12289872.0,1,日涨幅达到15%的前5只证券
20250617,300941.SZ,天风证券股份有限公司深圳分公司,0.0,0.0,8873056.0,0.94,-8873056.0,1,日涨幅达到15%的前5只证券
20250617,300941.SZ,机构专用,10294447.0,1.09,8803314.0,0.93,1491133.0,1,日涨幅达到15%的前5只证券
20250617,300941.SZ,机构专用,13686809.0,1.45,8662157.8,0.92,5024651.2,1,日涨幅达到15%的前5只证券
20250617,301141.SZ,机构专用,13396286.0,1.06,42582645.0,3.36,-29186359.0,0,日换手率达到30%的前5只证券
20250617,301141.SZ,东方财富证券股份有限公司拉萨东环路第二证券营业部,12656570.03,1.0,7007432.4,0.55,5649137.63,0,日换手率达到30%的前5只证券
20250617,301141.SZ,东方财富证券股份有限公司拉萨团结路第二证券营业部,12410230.49,0.98,10646523.2,0.84,1763707.29,0,日换手率达到30%的前5只证券
20250617,301141.SZ,东方财富证券股份有限公司拉萨东环路第一证券营业部,10666333.8,0.84,9882840.4,0.78,783493.4,0,日换手率达到30%的前5只证券
20250617,301141.SZ,东方财富证券股份有限公司拉萨团结路第一证券营业部,10430483.6,0.82,11470379.8,0.91,-1039896.2,0,日换手率达到30%的前5只证券
20250617,301141.SZ,机构专用,13396286.0,1.06,42582645.0,3.36,-29186359.0,1,日换手率达到30%的前5只证券
20250617,301141.SZ,国泰海通证券股份有限公司河源越王大道证券营业部,6500.0,0.0,33405031.23,2.64,-33398531.23,1,日换手率达到30%的前5只证券
20250617,301141.SZ,东方财富证券股份有限公司拉萨团结路第一证券营业部,10430483.6,0.82,11470379.8,0.91,-1039896.2,1,日换手率达到30%的前5只证券
20250617,301141.SZ,东方财富证券股份有限公司拉萨团结路第二证券营业部,12410230.49,0.98,10646523.2,0.84,1763707.29,1,日换手率达到30%的前5只证券
20250617,301141.SZ,天风证券股份有限公司上海民生路证券营业部,166462.0,0.01,10059430.2,0.79,-9892968.2,1,日换手率达到30%的前5只证券
20250617,301357.SZ,机构专用,16601098.8,2.56,13831960.4,2.14,2769138.4,0,日换手率达到30%的前5只证券
20250617,301357.SZ,机构专用,13301996.0,2.05,3145799.34,0.49,10156196.66,0,日换手率达到30%的前5只证券
20250617,301357.SZ,机构专用,9890770.8,1.53,0.0,0.0,9890770.8,0,日换手率达到30%的前5只证券
20250617,301357.SZ,机构专用,8965483.6,1.39,3740236.0,0.58,5225247.6,0,日换手率达到30%的前5只证券
20250617,301357.SZ,中国国际金融股份有限公司上海分公司,8119487.2,1.25,618783.0,0.1,7500704.2,0,日换手率达到30%的前5只证券
20250617,301357.SZ,机构专用,16601098.8,2.56,13831960.4,2.14,2769138.4,1,日换手率达到30%的前5只证券
20250617,301357.SZ,中国银河证券股份有限公司北京学院南路证券营业部,95725.0,0.01,13031094.8,2.01,-12935369.8,1,日换手率达到30%的前5只证券
20250617,301357.SZ,东方财富证券股份有限公司拉萨东环路第二证券营业部,3755654.2,0.58,6139658.0,0.95,-2384003.8,1,日换手率达到30%的前5只证券
20250617,301357.SZ,华宝证券股份有限公司上海东大名路证券营业部,1149994.0,0.18,5668569.2,0.88,-4518575.2,1,日换手率达到30%的前5只证券
20250617,301357.SZ,东方财富证券股份有限公司拉萨金融城南环路证券营业部,2425894.0,0.37,5060224.8,0.78,-2634330.8,1,日换手率达到30%的前5只证券
20250617,301665.SZ,深股通专用,37194216.91,6.48,31331857.45,5.46,5862359.46,0,日换手率达到30%的前5只证券
20250617,301665.SZ,华泰证券股份有限公司北京东三环北路证券营业部,8556032.08,1.49,95776.0,0.02,8460256.08,0,日换手率达到30%的前5只证券
20250617,301665.SZ,东方财富证券股份有限公司拉萨东环路第二证券营业部,7696849.0,1.34,2530708.0,0.44,5166141.0,0,日换手率达到30%的前5只证券
20250617,301665.SZ,甬兴证券有限公司北京分公司,7246934.0,1.26,0.0,0.0,7246934.0,0,日换手率达到30%的前5只证券
20250617,301665.SZ,中国国际金融股份有限公司上海分公司,7194917.13,1.25,5911480.38,1.03,1283436.75,0,日换手率达到30%的前5只证券
20250617,301665.SZ,深股通专用,37194216.91,6.48,31331857.45,5.46,5862359.46,1,日换手率达到30%的前5只证券
20250617,301665.SZ,机构专用,1564709.0,0.27,15774316.16,2.75,-14209607.16,1,日换手率达到30%的前5只证券
20250617,301665.SZ,机构专用,6530032.31,1.14,10416178.0,1.81,-3886145.69,1,日换手率达到30%的前5只证券
20250617,301665.SZ,机构专用,6633753.0,1.16,10136585.51,1.77,-3502832.51,1,日换手率达到30%的前5只证券
20250617,301665.SZ,平安证券股份有限公司杭州曙光路证券营业部,1475390.0,0.26,9603030.0,1.67,-8127640.0,1,日换手率达到30%的前5只证券
20250617,600227.SH,华鑫证券有限责任公司上海云锦路证券营业部,19916691.0,6.01,,,19916691.0,0,有价格涨跌幅限制的日收盘价格涨幅偏离值达到7%的前五只证券
20250617,600227.SH,中泰证券股份有限公司常州惠国路证券营业部,12957614.36,3.91,,,12957614.36,0,有价格涨跌幅限制的日收盘价格涨幅偏离值达到7%的前五只证券
20250617,600227.SH,开源证券股份有限公司西安西大街证券营业部,10703343.0,3.23,,,10703343.0,0,有价格涨跌幅限制的日收盘价格涨幅偏离值达到7%的前五只证券
20250617,600227.SH,国泰海通证券股份有限公司总部,8853651.0,2.67,,,8853651.0,0,有价格涨跌幅限制的日收盘价格涨幅偏离值达到7%的前五只证券
20250617,600227.SH,国盛证券有限责任公司宁波桑田路证券营业部,8805750.0,2.66,,,8805750.0,0,有价格涨跌幅限制的日收盘价格涨幅偏离值达到7%的前五只证券
20250617,600227.SH,中银国际证券股份有限公司焦作解放东路证券营业部,,,5660849.0,1.71,-5660849.0,1,有价格涨跌幅限制的日收盘价格涨幅偏离值达到7%的前五只证券
20250617,600227.SH,中信建投证券股份有限公司北京望京证券营业部,,,5548996.0,1.67,-5548996.0,1,有价格涨跌幅限制的日收盘价格涨幅偏离值达到7%的前五只证券
20250617,600227.SH,中国国际金融股份有限公司北京建国门外大街证券营业部,,,5102030.0,1.54,-5102030.0,1,有价格涨跌幅限制的日收盘价格涨幅偏离值达到7%的前五只证券
20250617,600227.SH,国海证券股份有限公司桂林分公司,,,3877672.0,1.17,-3877672.0,1,有价格涨跌幅限制的日收盘价格涨幅偏离值达到7%的前五只证券
20250617,600227.SH,国投证券股份有限公司上海虹口区杨树浦路证券营业部,,,3715662.0,1.12,-3715662.0,1,有价格涨跌幅限制的日收盘价格涨幅偏离值达到7%的前五只证券
20250617,600281.SH,国泰海通证券股份有限公司总部,70786310.28,1.92,,,70786310.28,0,非ST、*ST和S证券连续三个交易日内收盘价格涨幅偏离值累计达到20%的证券
20250617,600281.SH,瑞银证券有限责任公司上海浦东新区花园石桥路第二证券营业部,53068472.32,1.44,,,53068472.32,0,非ST、*ST和S证券连续三个交易日内收盘价格涨幅偏离值累计达到20%的证券
20250617,600281.SH,国泰海通证券股份有限公司宜昌沿江大道证券营业部,42054869.0,1.14,,,42054869.0,0,非ST、*ST和S证券连续三个交易日内收盘价格涨幅偏离值累计达到20%的证券
20250617,600281.SH,国信证券股份有限公司浙江互联网分公司,41296853.29,1.12,,,41296853.29,0,非ST、*ST和S证券连续三个交易日内收盘价格涨幅偏离值累计达到20%的证券
20250617,600281.SH,国泰海通证券股份有限公司总部,37689278.28,2.71,,,37689278.28,0,有价格涨跌幅限制的日价格振幅达到15%的前五只证券
20250617,600281.SH,国泰海通证券股份有限公司总部,37689278.28,2.71,,,37689278.28,0,有价格涨跌幅限制的日换手率达到20%的前五只证券
20250617,600281.SH,东方财富证券股份有限公司拉萨东环路第二证券营业部,35488856.5,0.96,,,35488856.5,0,非ST、*ST和S证券连续三个交易日内收盘价格涨幅偏离值累计达到20%的证券
20250617,600281.SH,国信证券股份有限公司北京分公司,25579380.0,1.84,,,25579380.0,0,有价格涨跌幅限制的日价格振幅达到15%的前五只证券
20250617,600281.SH,国信证券股份有限公司北京分公司,25579380.0,1.84,,,25579380.0,0,有价格涨跌幅限制的日换手率达到20%的前五只证券
20250617,600281.SH,国信证券股份有限公司浙江互联网分公司,15260311.7,1.1,,,15260311.7,0,有价格涨跌幅限制的日价格振幅达到15%的前五只证券
20250617,600281.SH,国信证券股份有限公司浙江互联网分公司,15260311.7,1.1,,,15260311.7,0,有价格涨跌幅限制的日换手率达到20%的前五只证券
20250617,600281.SH,国泰海通证券股份有限公司上海长宁区江苏路证券营业部,14406313.0,1.03,,,14406313.0,0,有价格涨跌幅限制的日价格振幅达到15%的前五只证券
20250617,600281.SH,国泰海通证券股份有限公司上海长宁区江苏路证券营业部,14406313.0,1.03,,,14406313.0,0,有价格涨跌幅限制的日换手率达到20%的前五只证券
20250617,600281.SH,东方财富证券股份有限公司拉萨金融城南环路证券营业部,13518877.0,0.97,,,13518877.0,0,有价格涨跌幅限制的日价格振幅达到15%的前五只证券
20250617,600281.SH,东方财富证券股份有限公司拉萨金融城南环路证券营业部,13518877.0,0.97,,,13518877.0,0,有价格涨跌幅限制的日换手率达到20%的前五只证券
20250617,600281.SH,国泰海通证券股份有限公司总部,,,62467862.46,1.69,-62467862.46,1,非ST、*ST和S证券连续三个交易日内收盘价格涨幅偏离值累计达到20%的证券
20250617,600281.SH,瑞银证券有限责任公司上海浦东新区花园石桥路第二证券营业部,,,50117606.0,1.36,-50117606.0,1,非ST、*ST和S证券连续三个交易日内收盘价格涨幅偏离值累计达到20%的证券
20250617,600281.SH,国泰海通证券股份有限公司宜昌沿江大道证券营业部,,,40606710.72,1.1,-40606710.72,1,非ST、*ST和S证券连续三个交易日内收盘价格涨幅偏离值累计达到20%的证券
20250617,600281.SH,国信证券股份有限公司浙江互联网分公司,,,33992788.0,0.92,-33992788.0,1,非ST、*ST和S证券连续三个交易日内收盘价格涨幅偏离值累计达到20%的证券
20250617,600281.SH,中信证券股份有限公司上海分公司,,,32212641.15,0.87,-32212641.15,1,非ST、*ST和S证券连续三个交易日内收盘价格涨幅偏离值累计达到20%的证券
20250617,600281.SH,国信证券股份有限公司浙江互联网分公司,,,19293639.0,1.38,-19293639.0,1,有价格涨跌幅限制的日价格振幅达到15%的前五只证券
20250617,600281.SH,国信证券股份有限公司浙江互联网分公司,,,19293639.0,1.38,-19293639.0,1,有价格涨跌幅限制的日换手率达到20%的前五只证券
20250617,600281.SH,国泰海通证券股份有限公司总部,,,16719057.0,1.2,-16719057.0,1,有价格涨跌幅限制的日价格振幅达到15%的前五只证券
20250617,600281.SH,国泰海通证券股份有限公司总部,,,16719057.0,1.2,-16719057.0,1,有价格涨跌幅限制的日换手率达到20%的前五只证券
20250617,600281.SH,东方财富证券股份有限公司拉萨东环路第二证券营业部,,,14668959.0,1.05,-14668959.0,1,有价格涨跌幅限制的日价格振幅达到15%的前五只证券
20250617,600281.SH,东方财富证券股份有限公司拉萨东环路第二证券营业部,,,14668959.0,1.05,-14668959.0,1,有价格涨跌幅限制的日换手率达到20%的前五只证券
20250617,600281.SH,中国国际金融股份有限公司北京建国门外大街证券营业部,,,14083328.2,1.01,-14083328.2,1,有价格涨跌幅限制的日价格振幅达到15%的前五只证券
20250617,600281.SH,中国国际金融股份有限公司北京建国门外大街证券营业部,,,14083328.2,1.01,-14083328.2,1,有价格涨跌幅限制的日换手率达到20%的前五只证券
20250617,600281.SH,东方财富证券股份有限公司拉萨金融城南环路证券营业部,,,13693130.0,0.98,-13693130.0,1,有价格涨跌幅限制的日价格振幅达到15%的前五只证券
20250617,600281.SH,东方财富证券股份有限公司拉萨金融城南环路证券营业部,,,13693130.0,0.98,-13693130.0,1,有价格涨跌幅限制的日换手率达到20%的前五只证券
20250617,600387.SH,华创证券有限责任公司上海荆州路证券营业部,1760420.6,7.91,,,1760420.6,0,退市整理的证券
20250617,600387.SH,江海证券有限公司上海瞿溪路证券营业部,682500.0,3.07,,,682500.0,0,退市整理的证券
20250617,600387.SH,海通证券股份有限公司遵义北海路证券营业部,662801.0,2.98,,,662801.0,0,退市整理的证券
20250617,600387.SH,国元证券股份有限公司上海威海路证券营业部,579000.0,2.6,,,579000.0,0,退市整理的证券
20250617,600387.SH,东方财富证券股份有限公司拉萨团结路第一证券营业部,572690.0,2.57,,,572690.0,0,退市整理的证券
20250617,600387.SH,中国银河证券股份有限公司成都日月大道证券营业部,,,1000381.0,4.49,-1000381.0,1,退市整理的证券
20250617,600387.SH,财通证券股份有限公司温岭中华路证券营业部,,,962800.0,4.33,-962800.0,1,退市整理的证券
20250617,600387.SH,东方财富证券股份有限公司拉萨东环路第一证券营业部,,,752744.0,3.38,-752744.0,1,退市整理的证券
20250617,600387.SH,平安证券股份有限公司深圳深南东路罗湖商务中心证券营业部,,,616836.0,2.77,-616836.0,1,退市整理的证券
20250617,600387.SH,华创证券有限责任公司上海荆州路证券营业部,,,591000.0,2.65,-591000.0,1,退市整理的证券
20250617,600405.SH,国泰海通证券股份有限公司北京金融街证券营业部,28053171.41,7.39,,,28053171.41,0,有价格涨跌幅限制的日收盘价格涨幅偏离值达到7%的前五只证券
20250617,600405.SH,华鑫证券有限责任公司上海光复路证券营业部,15103920.0,3.98,,,15103920.0,0,有价格涨跌幅限制的日收盘价格涨幅偏离值达到7%的前五只证券
20250617,600405.SH,华泰证券股份有限公司总部,14586013.0,3.84,,,14586013.0,0,有价格涨跌幅限制的日收盘价格涨幅偏离值达到7%的前五只证券
20250617,600405.SH,中泰证券股份有限公司常州惠国路证券营业部,12519650.0,3.3,,,12519650.0,0,有价格涨跌幅限制的日收盘价格涨幅偏离值达到7%的前五只证券
20250617,600405.SH,国泰海通证券股份有限公司上海浦东新区福山路证券营业部,12027662.65,3.17,,,12027662.65,0,有价格涨跌幅限制的日收盘价格涨幅偏离值达到7%的前五只证券
20250617,600405.SH,中国银河证券股份有限公司宁波柳汀街证券营业部,,,4918200.0,1.3,-4918200.0,1,有价格涨跌幅限制的日收盘价格涨幅偏离值达到7%的前五只证券
20250617,600405.SH,申万宏源证券有限公司盐城解放南路证券营业部,,,4835700.0,1.27,-4835700.0,1,有价格涨跌幅限制的日收盘价格涨幅偏离值达到7%的前五只证券
20250617,600405.SH,国新证券股份有限公司郑州商务外环路证券营业部,,,4542494.36,1.2,-4542494.36,1,有价格涨跌幅限制的日收盘价格涨幅偏离值达到7%的前五只证券
20250617,600405.SH,中信证券股份有限公司温岭万昌中路证券营业部,,,3984607.0,1.05,-3984607.0,1,有价格涨跌幅限制的日收盘价格涨幅偏离值达到7%的前五只证券
20250617,600405.SH,国泰海通证券股份有限公司深圳雅宝路证券营业部,,,3339352.0,0.88,-3339352.0,1,有价格涨跌幅限制的日收盘价格涨幅偏离值达到7%的前五只证券
20250617,600792.SH,华创证券有限责任公司成都天府大道证券营业部,8367840.0,1.5,,,8367840.0,0,有价格涨跌幅限制的日价格振幅达到15%的前五只证券
20250617,600792.SH,机构专用,7961362.37,1.43,,,7961362.37,0,有价格涨跌幅限制的日价格振幅达到15%的前五只证券
20250617,600792.SH,五矿证券有限公司深圳金田路证券营业部,6677122.4,1.2,,,6677122.4,0,有价格涨跌幅限制的日价格振幅达到15%的前五只证券
20250617,600792.SH,海通证券股份有限公司上海宝山区牡丹江路证券营业部,5899802.0,1.06,,,5899802.0,0,有价格涨跌幅限制的日价格振幅达到15%的前五只证券
20250617,600792.SH,中信建投证券股份有限公司北京海淀分公司,5865216.0,1.05,,,5865216.0,0,有价格涨跌幅限制的日价格振幅达到15%的前五只证券
20250617,600792.SH,华源证券股份有限公司深圳分公司,,,22326309.0,4.01,-22326309.0,1,有价格涨跌幅限制的日价格振幅达到15%的前五只证券
20250617,600792.SH,华鑫证券有限责任公司深圳益田路证券营业部,,,12513890.16,2.25,-12513890.16,1,有价格涨跌幅限制的日价格振幅达到15%的前五只证券
20250617,600792.SH,开源证券股份有限公司西安西大街证券营业部,,,12162093.0,2.18,-12162093.0,1,有价格涨跌幅限制的日价格振幅达到15%的前五只证券
20250617,600792.SH,国泰海通证券股份有限公司总部,,,10942193.0,1.96,-10942193.0,1,有价格涨跌幅限制的日价格振幅达到15%的前五只证券
20250617,600792.SH,机构专用,,,10108459.0,1.81,-10108459.0,1,有价格涨跌幅限制的日价格振幅达到15%的前五只证券
20250617,600798.SH,国泰海通证券股份有限公司总部,26374561.0,2.31,,,26374561.0,0,有价格涨跌幅限制的日价格振幅达到15%的前五只证券
20250617,600798.SH,国信证券股份有限公司浙江互联网分公司,13373254.0,1.17,,,13373254.0,0,有价格涨跌幅限制的日价格振幅达到15%的前五只证券
20250617,600798.SH,国金证券股份有限公司深圳分公司,12532739.0,1.1,,,12532739.0,0,有价格涨跌幅限制的日价格振幅达到15%的前五只证券
20250617,600798.SH,东方财富证券股份有限公司拉萨金融城南环路证券营业部,12075916.0,1.06,,,12075916.0,0,有价格涨跌幅限制的日价格振幅达到15%的前五只证券
20250617,600798.SH,东方财富证券股份有限公司拉萨东环路第一证券营业部,10940442.0,0.96,,,10940442.0,0,有价格涨跌幅限制的日价格振幅达到15%的前五只证券
20250617,600798.SH,国泰海通证券股份有限公司总部,,,28408523.0,2.49,-28408523.0,1,有价格涨跌幅限制的日价格振幅达到15%的前五只证券
20250617,600798.SH,瑞银证券有限责任公司上海浦东新区花园石桥路第二证券营业部,,,16591474.0,1.46,-16591474.0,1,有价格涨跌幅限制的日价格振幅达到15%的前五只证券
20250617,600798.SH,高盛(中国)证券有限责任公司上海浦东新区世纪大道证券营业部,,,15410135.0,1.35,-15410135.0,1,有价格涨跌幅限制的日价格振幅达到15%的前五只证券
20250617,600798.SH,东方财富证券股份有限公司拉萨团结路第一证券营业部,,,12501029.0,1.1,-12501029.0,1,有价格涨跌幅限制的日价格振幅达到15%的前五只证券
20250617,600798.SH,东方财富证券股份有限公司拉萨东环路第一证券营业部,,,11285471.0,0.99,-11285471.0,1,有价格涨跌幅限制的日价格振幅达到15%的前五只证券
20250617,600804.SH,海通证券股份有限公司石家庄翟营南大街证券营业部,752837.0,4.59,,,752837.0,0,退市整理的证券
20250617,600804.SH,海通证券股份有限公司石家庄翟营南大街证券营业部,752837.0,4.59,,,752837.0,0,有价格涨跌幅限制的日收盘价格跌幅偏离值达到7%的前五只证券
20250617,600804.SH,海通证券股份有限公司青岛福州南路证券营业部,589000.0,3.59,,,589000.0,0,退市整理的证券
20250617,600804.SH,海通证券股份有限公司青岛福州南路证券营业部,589000.0,3.59,,,589000.0,0,有价格涨跌幅限制的日收盘价格跌幅偏离值达到7%的前五只证券
20250617,600804.SH,中国银河证券股份有限公司广州东风中路证券营业部,570000.0,3.48,,,570000.0,0,退市整理的证券
20250617,600804.SH,中国银河证券股份有限公司广州东风中路证券营业部,570000.0,3.48,,,570000.0,0,有价格涨跌幅限制的日收盘价格跌幅偏离值达到7%的前五只证券
20250617,600804.SH,广发证券股份有限公司广州中山三路中华广场证券营业部,448400.0,2.74,,,448400.0,0,退市整理的证券
20250617,600804.SH,广发证券股份有限公司广州中山三路中华广场证券营业部,448400.0,2.74,,,448400.0,0,有价格涨跌幅限制的日收盘价格跌幅偏离值达到7%的前五只证券
20250617,600804.SH,东方财富证券股份有限公司山南香曲东路证券营业部,416774.0,2.54,,,416774.0,0,退市整理的证券
20250617,600804.SH,东方财富证券股份有限公司山南香曲东路证券营业部,416774.0,2.54,,,416774.0,0,有价格涨跌幅限制的日收盘价格跌幅偏离值达到7%的前五只证券
20250617,600804.SH,中银国际证券股份有限公司太原迎泽大街证券营业部,,,1519701.06,9.27,-1519701.06,1,退市整理的证券
20250617,600804.SH,中银国际证券股份有限公司太原迎泽大街证券营业部,,,1519701.06,9.27,-1519701.06,1,有价格涨跌幅限制的日收盘价格跌幅偏离值达到7%的前五只证券
20250617,600804.SH,中国银河证券股份有限公司北京望京证券营业部,,,1125351.0,6.87,-1125351.0,1,退市整理的证券
20250617,600804.SH,中国银河证券股份有限公司北京望京证券营业部,,,1125351.0,6.87,-1125351.0,1,有价格涨跌幅限制的日收盘价格跌幅偏离值达到7%的前五只证券
20250617,600804.SH,山西证券股份有限公司上海松花江路证券营业部,,,986670.0,6.02,-986670.0,1,退市整理的证券
20250617,600804.SH,山西证券股份有限公司上海松花江路证券营业部,,,986670.0,6.02,-986670.0,1,有价格涨跌幅限制的日收盘价格跌幅偏离值达到7%的前五只证券
20250617,600804.SH,浙商证券股份有限公司长春生态大街证券营业部,,,967689.0,5.9,-967689.0,1,退市整理的证券
20250617,600804.SH,浙商证券股份有限公司长春生态大街证券营业部,,,967689.0,5.9,-967689.0,1,有价格涨跌幅限制的日收盘价格跌幅偏离值达到7%的前五只证券
20250617,600804.SH,中信证券股份有限公司武汉建设大道证券营业部,,,886274.0,5.41,-886274.0,1,退市整理的证券
20250617,600804.SH,中信证券股份有限公司武汉建设大道证券营业部,,,886274.0,5.41,-886274.0,1,有价格涨跌幅限制的日收盘价格跌幅偏离值达到7%的前五只证券
20250617,600980.SH,国泰海通证券股份有限公司总部,47482596.0,3.02,,,47482596.0,0,有价格涨跌幅限制的日收盘价格跌幅偏离值达到7%的前五只证券
20250617,600980.SH,国泰海通证券股份有限公司总部,47482596.0,3.02,,,47482596.0,0,有价格涨跌幅限制的日换手率达到20%的前五只证券
20250617,600980.SH,瑞银证券有限责任公司上海浦东新区花园石桥路第二证券营业部,31492996.0,2.0,,,31492996.0,0,有价格涨跌幅限制的日收盘价格跌幅偏离值达到7%的前五只证券
20250617,600980.SH,瑞银证券有限责任公司上海浦东新区花园石桥路第二证券营业部,31492996.0,2.0,,,31492996.0,0,有价格涨跌幅限制的日换手率达到20%的前五只证券
20250617,600980.SH,中国国际金融股份有限公司北京建国门外大街证券营业部,24875480.0,1.58,,,24875480.0,0,有价格涨跌幅限制的日收盘价格跌幅偏离值达到7%的前五只证券
20250617,600980.SH,中国国际金融股份有限公司北京建国门外大街证券营业部,24875480.0,1.58,,,24875480.0,0,有价格涨跌幅限制的日换手率达到20%的前五只证券
20250617,600980.SH,摩根大通证券(中国)有限公司上海银城中路证券营业部,16205154.0,1.03,,,16205154.0,0,有价格涨跌幅限制的日收盘价格跌幅偏离值达到7%的前五只证券
20250617,600980.SH,摩根大通证券(中国)有限公司上海银城中路证券营业部,16205154.0,1.03,,,16205154.0,0,有价格涨跌幅限制的日换手率达到20%的前五只证券
20250617,600980.SH,东方财富证券股份有限公司拉萨团结路第二证券营业部,15020436.0,0.96,,,15020436.0,0,有价格涨跌幅限制的日收盘价格跌幅偏离值达到7%的前五只证券
20250617,600980.SH,东方财富证券股份有限公司拉萨团结路第二证券营业部,15020436.0,0.96,,,15020436.0,0,有价格涨跌幅限制的日换手率达到20%的前五只证券
20250617,600980.SH,国泰海通证券股份有限公司总部,,,62545403.0,3.98,-62545403.0,1,有价格涨跌幅限制的日收盘价格跌幅偏离值达到7%的前五只证券
20250617,600980.SH,国泰海通证券股份有限公司总部,,,62545403.0,3.98,-62545403.0,1,有价格涨跌幅限制的日换手率达到20%的前五只证券
20250617,600980.SH,联储证券股份有限公司上海松林路证券营业部,,,62360261.46,3.97,-62360261.46,1,有价格涨跌幅限制的日收盘价格跌幅偏离值达到7%的前五只证券
20250617,600980.SH,联储证券股份有限公司上海松林路证券营业部,,,62360261.46,3.97,-62360261.46,1,有价格涨跌幅限制的日换手率达到20%的前五只证券
20250617,600980.SH,瑞银证券有限责任公司上海浦东新区花园石桥路第二证券营业部,,,40305071.0,2.56,-40305071.0,1,有价格涨跌幅限制的日收盘价格跌幅偏离值达到7%的前五只证券
20250617,600980.SH,瑞银证券有限责任公司上海浦东新区花园石桥路第二证券营业部,,,40305071.0,2.56,-40305071.0,1,有价格涨跌幅限制的日换手率达到20%的前五只证券
20250617,600980.SH,摩根大通证券(中国)有限公司上海银城中路证券营业部,,,25277239.3,1.61,-25277239.3,1,有价格涨跌幅限制的日收盘价格跌幅偏离值达到7%的前五只证券
20250617,600980.SH,摩根大通证券(中国)有限公司上海银城中路证券营业部,,,25277239.3,1.61,-25277239.3,1,有价格涨跌幅限制的日换手率达到20%的前五只证券
20250617,600980.SH,中国国际金融股份有限公司北京建国门外大街证券营业部,,,18948037.96,1.21,-18948037.96,1,有价格涨跌幅限制的日收盘价格跌幅偏离值达到7%的前五只证券
20250617,600980.SH,中国国际金融股份有限公司北京建国门外大街证券营业部,,,18948037.96,1.21,-18948037.96,1,有价格涨跌幅限制的日换手率达到20%的前五只证券
20250617,601022.SH,沪股通专用,32898833.0,4.17,,,32898833.0,0,有价格涨跌幅限制的日换手率达到20%的前五只证券
20250617,601022.SH,东方财富证券股份有限公司拉萨金融城南环路证券营业部,8705294.0,1.1,,,8705294.0,0,有价格涨跌幅限制的日换手率达到20%的前五只证券
20250617,601022.SH,国投证券股份有限公司芜湖北京中路证券营业部,8561258.0,1.09,,,8561258.0,0,有价格涨跌幅限制的日换手率达到20%的前五只证券
20250617,601022.SH,东方财富证券股份有限公司拉萨团结路第一证券营业部,8342910.0,1.06,,,8342910.0,0,有价格涨跌幅限制的日换手率达到20%的前五只证券
20250617,601022.SH,东方财富证券股份有限公司拉萨东环路第二证券营业部,8069565.0,1.02,,,8069565.0,0,有价格涨跌幅限制的日换手率达到20%的前五只证券
20250617,601022.SH,沪股通专用,,,33555219.0,4.25,-33555219.0,1,有价格涨跌幅限制的日换手率达到20%的前五只证券
20250617,601022.SH,国泰海通证券股份有限公司上海长宁区江苏路证券营业部,,,16948766.0,2.15,-16948766.0,1,有价格涨跌幅限制的日换手率达到20%的前五只证券
20250617,601022.SH,方正证券股份有限公司宁波江澄北路证券营业部,,,16639416.0,2.11,-16639416.0,1,有价格涨跌幅限制的日换手率达到20%的前五只证券
20250617,601022.SH,海通证券股份有限公司乌鲁木齐友好北路证券营业部,,,9171533.0,1.16,-9171533.0,1,有价格涨跌幅限制的日换手率达到20%的前五只证券
20250617,601022.SH,中信证券股份有限公司上海分公司,,,9021225.0,1.14,-9021225.0,1,有价格涨跌幅限制的日换手率达到20%的前五只证券
20250617,601718.SH,国信证券股份有限公司北京分公司,25447558.0,2.27,,,25447558.0,0,有价格涨跌幅限制的日收盘价格涨幅偏离值达到7%的前五只证券
20250617,601718.SH,沪股通专用,21587143.0,1.92,,,21587143.0,0,有价格涨跌幅限制的日收盘价格涨幅偏离值达到7%的前五只证券
20250617,601718.SH,华鑫证券有限责任公司上海光复路证券营业部,15522724.0,1.38,,,15522724.0,0,有价格涨跌幅限制的日收盘价格涨幅偏离值达到7%的前五只证券
20250617,601718.SH,方正证券股份有限公司宁波江澄北路证券营业部,12451164.0,1.11,,,12451164.0,0,有价格涨跌幅限制的日收盘价格涨幅偏离值达到7%的前五只证券
20250617,601718.SH,国金证券股份有限公司深圳分公司,9932193.0,0.88,,,9932193.0,0,有价格涨跌幅限制的日收盘价格涨幅偏离值达到7%的前五只证券
20250617,601718.SH,沪股通专用,,,34981325.0,3.12,-34981325.0,1,有价格涨跌幅限制的日收盘价格涨幅偏离值达到7%的前五只证券
20250617,601718.SH,广发证券股份有限公司武汉京汉大道证券营业部,,,16601671.0,1.48,-16601671.0,1,有价格涨跌幅限制的日收盘价格涨幅偏离值达到7%的前五只证券
20250617,601718.SH,中信证券股份有限公司上海分公司,,,15947455.0,1.42,-15947455.0,1,有价格涨跌幅限制的日收盘价格涨幅偏离值达到7%的前五只证券
20250617,601718.SH,机构专用,,,8820852.0,0.79,-8820852.0,1,有价格涨跌幅限制的日收盘价格涨幅偏离值达到7%的前五只证券
20250617,601718.SH,中银国际证券股份有限公司海南分公司,,,8653783.0,0.77,-8653783.0,1,有价格涨跌幅限制的日收盘价格涨幅偏离值达到7%的前五只证券
20250617,601975.SH,国泰海通证券股份有限公司宜昌沿江大道证券营业部,61842860.0,3.82,,,61842860.0,0,有价格涨跌幅限制的日收盘价格涨幅偏离值达到7%的前五只证券
20250617,601975.SH,国泰海通证券股份有限公司上海静安区新闸路证券营业部,59820246.0,3.69,,,59820246.0,0,有价格涨跌幅限制的日收盘价格涨幅偏离值达到7%的前五只证券
20250617,601975.SH,国泰海通证券股份有限公司南京太平南路证券营业部,52026472.0,3.21,,,52026472.0,0,有价格涨跌幅限制的日收盘价格涨幅偏离值达到7%的前五只证券
20250617,601975.SH,国泰海通证券股份有限公司成都北一环路证券营业部,46582091.0,2.87,,,46582091.0,0,有价格涨跌幅限制的日收盘价格涨幅偏离值达到7%的前五只证券
20250617,601975.SH,沪股通专用,37109158.2,2.29,,,37109158.2,0,有价格涨跌幅限制的日收盘价格涨幅偏离值达到7%的前五只证券
20250617,601975.SH,机构专用,,,53273964.72,3.29,-53273964.72,1,有价格涨跌幅限制的日收盘价格涨幅偏离值达到7%的前五只证券
20250617,601975.SH,沪股通专用,,,40415614.88,2.49,-40415614.88,1,有价格涨跌幅限制的日收盘价格涨幅偏离值达到7%的前五只证券
20250617,601975.SH,瑞银证券有限责任公司上海浦东新区花园石桥路第二证券营业部,,,25137029.34,1.55,-25137029.34,1,有价格涨跌幅限制的日收盘价格涨幅偏离值达到7%的前五只证券
20250617,601975.SH,广发证券股份有限公司武汉京汉大道证券营业部,,,23747155.0,1.46,-23747155.0,1,有价格涨跌幅限制的日收盘价格涨幅偏离值达到7%的前五只证券
20250617,601975.SH,华西证券股份有限公司北京紫竹院路证券营业部,,,18365811.38,1.13,-18365811.38,1,有价格涨跌幅限制的日收盘价格涨幅偏离值达到7%的前五只证券
20250617,603003.SH,恒泰证券股份有限公司上海古北路证券营业部,2883470.0,8.94,,,2883470.0,0,退市整理的证券
20250617,603003.SH,国金证券股份有限公司北京望京证券营业部,1194000.0,3.7,,,1194000.0,0,退市整理的证券
20250617,603003.SH,平安证券股份有限公司深圳深南东路罗湖商务中心证券营业部,1188221.0,3.68,,,1188221.0,0,退市整理的证券
20250617,603003.SH,华泰证券股份有限公司武汉高新大道证券营业部,1178141.0,3.65,,,1178141.0,0,退市整理的证券
20250617,603003.SH,东方财富证券股份有限公司拉萨东环路第二证券营业部,1072468.6,3.32,,,1072468.6,0,退市整理的证券
20250617,603003.SH,东莞证券股份有限公司揭阳分公司,,,5986913.04,18.56,-5986913.04,1,退市整理的证券
20250617,603003.SH,海通证券股份有限公司北京知春里证券营业部,,,1913522.73,5.93,-1913522.73,1,退市整理的证券
20250617,603003.SH,高盛(中国)证券有限责任公司上海浦东新区世纪大道证券营业部,,,1044220.0,3.24,-1044220.0,1,退市整理的证券
20250617,603003.SH,湘财证券股份有限公司北京分公司,,,1003894.0,3.11,-1003894.0,1,退市整理的证券
20250617,603003.SH,广发证券股份有限公司北京鲁谷路证券营业部,,,960295.0,2.98,-960295.0,1,退市整理的证券
20250617,603124.SH,招商证券股份有限公司上海世纪大道证券营业部,9571976.0,2.17,,,9571976.0,0,有价格涨跌幅限制的日换手率达到20%的前五只证券
20250617,603124.SH,广发证券股份有限公司珠海横琴环岛东路证券营业部,6342726.0,1.44,,,6342726.0,0,有价格涨跌幅限制的日换手率达到20%的前五只证券
20250617,603124.SH,瑞银证券有限责任公司上海浦东新区花园石桥路第二证券营业部,4571225.0,1.04,,,4571225.0,0,有价格涨跌幅限制的日换手率达到20%的前五只证券
20250617,603124.SH,东方财富证券股份有限公司拉萨东环路第二证券营业部,4507875.0,1.02,,,4507875.0,0,有价格涨跌幅限制的日换手率达到20%的前五只证券
20250617,603124.SH,东方财富证券股份有限公司拉萨团结路第二证券营业部,4383954.0,0.99,,,4383954.0,0,有价格涨跌幅限制的日换手率达到20%的前五只证券
20250617,603124.SH,瑞银证券有限责任公司上海浦东新区花园石桥路第二证券营业部,,,10045754.36,2.28,-10045754.36,1,有价格涨跌幅限制的日换手率达到20%的前五只证券
20250617,603124.SH,中信证券股份有限公司深圳滨海大道证券营业部,,,6367742.04,1.44,-6367742.04,1,有价格涨跌幅限制的日换手率达到20%的前五只证券
20250617,603124.SH,中信证券股份有限公司上海分公司,,,5603403.29,1.27,-5603403.29,1,有价格涨跌幅限制的日换手率达到20%的前五只证券
20250617,603124.SH,中国中金财富证券有限公司深圳分公司,,,5375098.87,1.22,-5375098.87,1,有价格涨跌幅限制的日换手率达到20%的前五只证券
20250617,603124.SH,中国国际金融股份有限公司上海分公司,,,5128590.08,1.16,-5128590.08,1,有价格涨跌幅限制的日换手率达到20%的前五只证券
20250617,603222.SH,华鑫证券有限责任公司上海云锦路证券营业部,13573864.88,14.05,,,13573864.88,0,有价格涨跌幅限制的日收盘价格涨幅偏离值达到7%的前五只证券
20250617,603222.SH,开源证券股份有限公司西安西大街证券营业部,10703216.0,11.08,,,10703216.0,0,有价格涨跌幅限制的日收盘价格涨幅偏离值达到7%的前五只证券
20250617,603222.SH,中泰证券股份有限公司西安锦业路证券营业部,3426240.0,3.55,,,3426240.0,0,有价格涨跌幅限制的日收盘价格涨幅偏离值达到7%的前五只证券
20250617,603222.SH,东亚前海证券有限责任公司四川分公司,3347808.0,3.46,,,3347808.0,0,有价格涨跌幅限制的日收盘价格涨幅偏离值达到7%的前五只证券
20250617,603222.SH,瑞银证券有限责任公司上海浦东新区花园石桥路第二证券营业部,3322844.0,3.44,,,3322844.0,0,有价格涨跌幅限制的日收盘价格涨幅偏离值达到7%的前五只证券
20250617,603222.SH,中国银河证券股份有限公司杭州建国北路证券营业部,,,4542864.0,4.7,-4542864.0,1,有价格涨跌幅限制的日收盘价格涨幅偏离值达到7%的前五只证券
20250617,603222.SH,光大证券股份有限公司上海淮海中路证券营业部,,,4356440.0,4.51,-4356440.0,1,有价格涨跌幅限制的日收盘价格涨幅偏离值达到7%的前五只证券
20250617,603222.SH,瑞银证券有限责任公司上海浦东新区花园石桥路第二证券营业部,,,1928697.0,2.0,-1928697.0,1,有价格涨跌幅限制的日收盘价格涨幅偏离值达到7%的前五只证券
20250617,603222.SH,方正证券股份有限公司宜春明月北路证券营业部,,,1881680.0,1.95,-1881680.0,1,有价格涨跌幅限制的日收盘价格涨幅偏离值达到7%的前五只证券
20250617,603222.SH,海通证券股份有限公司扬州汶河南路证券营业部,,,1720000.0,1.78,-1720000.0,1,有价格涨跌幅限制的日收盘价格涨幅偏离值达到7%的前五只证券
20250617,603322.SH,沪股通专用,26014769.0,2.1,,,26014769.0,0,有价格涨跌幅限制的日价格振幅达到15%的前五只证券
20250617,603322.SH,沪股通专用,26014769.0,2.1,,,26014769.0,0,有价格涨跌幅限制的日收盘价格跌幅偏离值达到7%的前五只证券
20250617,603322.SH,海通证券股份有限公司佛山顺德东乐路证券营业部,20980626.0,1.69,,,20980626.0,0,有价格涨跌幅限制的日价格振幅达到15%的前五只证券
20250617,603322.SH,海通证券股份有限公司佛山顺德东乐路证券营业部,20980626.0,1.69,,,20980626.0,0,有价格涨跌幅限制的日收盘价格跌幅偏离值达到7%的前五只证券
20250617,603322.SH,信达证券股份有限公司广州番禺富华东路证券营业部,12994377.0,1.05,,,12994377.0,0,有价格涨跌幅限制的日价格振幅达到15%的前五只证券
20250617,603322.SH,信达证券股份有限公司广州番禺富华东路证券营业部,12994377.0,1.05,,,12994377.0,0,有价格涨跌幅限制的日收盘价格跌幅偏离值达到7%的前五只证券
20250617,603322.SH,东方财富证券股份有限公司拉萨金融城南环路证券营业部,11716231.0,0.94,,,11716231.0,0,有价格涨跌幅限制的日价格振幅达到15%的前五只证券
20250617,603322.SH,东方财富证券股份有限公司拉萨金融城南环路证券营业部,11716231.0,0.94,,,11716231.0,0,有价格涨跌幅限制的日收盘价格跌幅偏离值达到7%的前五只证券
20250617,603322.SH,东海证券股份有限公司常州延政中路证券营业部,10586823.0,0.85,,,10586823.0,0,有价格涨跌幅限制的日价格振幅达到15%的前五只证券
20250617,603322.SH,东海证券股份有限公司常州延政中路证券营业部,10586823.0,0.85,,,10586823.0,0,有价格涨跌幅限制的日收盘价格跌幅偏离值达到7%的前五只证券
20250617,603322.SH,沪股通专用,,,22245673.8,1.79,-22245673.8,1,有价格涨跌幅限制的日价格振幅达到15%的前五只证券
20250617,603322.SH,沪股通专用,,,22245673.8,1.79,-22245673.8,1,有价格涨跌幅限制的日收盘价格跌幅偏离值达到7%的前五只证券
20250617,603322.SH,中国国际金融股份有限公司北京建国门外大街证券营业部,,,20172271.0,1.63,-20172271.0,1,有价格涨跌幅限制的日价格振幅达到15%的前五只证券
20250617,603322.SH,中国国际金融股份有限公司北京建国门外大街证券营业部,,,20172271.0,1.63,-20172271.0,1,有价格涨跌幅限制的日收盘价格跌幅偏离值达到7%的前五只证券
20250617,603322.SH,中信证券股份有限公司深圳滨海大道证券营业部,,,14900818.8,1.2,-14900818.8,1,有价格涨跌幅限制的日价格振幅达到15%的前五只证券
20250617,603322.SH,中信证券股份有限公司深圳滨海大道证券营业部,,,14900818.8,1.2,-14900818.8,1,有价格涨跌幅限制的日收盘价格跌幅偏离值达到7%的前五只证券
20250617,603322.SH,国信证券股份有限公司佛山顺德大良证券营业部,,,14069702.0,1.13,-14069702.0,1,有价格涨跌幅限制的日价格振幅达到15%的前五只证券
20250617,603322.SH,国信证券股份有限公司佛山顺德大良证券营业部,,,14069702.0,1.13,-14069702.0,1,有价格涨跌幅限制的日收盘价格跌幅偏离值达到7%的前五只证券
20250617,603322.SH,中国中金财富证券有限公司广州番禺东兴路证券营业部,,,13937401.0,1.12,-13937401.0,1,有价格涨跌幅限制的日价格振幅达到15%的前五只证券
20250617,603322.SH,中国中金财富证券有限公司广州番禺东兴路证券营业部,,,13937401.0,1.12,-13937401.0,1,有价格涨跌幅限制的日收盘价格跌幅偏离值达到7%的前五只证券
20250617,603538.SH,兴业证券股份有限公司天津分公司,26559519.82,3.0,,,26559519.82,0,有价格涨跌幅限制的日价格振幅达到15%的前五只证券
20250617,603538.SH,兴业证券股份有限公司山西分公司,11257619.89,1.27,,,11257619.89,0,有价格涨跌幅限制的日价格振幅达到15%的前五只证券
20250617,603538.SH,招商证券股份有限公司深圳梅康路证券营业部,10427473.35,1.18,,,10427473.35,0,有价格涨跌幅限制的日价格振幅达到15%的前五只证券
20250617,603538.SH,招商证券股份有限公司深圳前海大道证券营业部,8449204.64,0.96,,,8449204.64,0,有价格涨跌幅限制的日价格振幅达到15%的前五只证券
20250617,603538.SH,东方财富证券股份有限公司拉萨东环路第二证券营业部,8091073.21,0.91,,,8091073.21,0,有价格涨跌幅限制的日价格振幅达到15%的前五只证券
20250617,603538.SH,瑞银证券有限责任公司上海浦东新区花园石桥路第二证券营业部,,,19810216.96,2.24,-19810216.96,1,有价格涨跌幅限制的日价格振幅达到15%的前五只证券
20250617,603538.SH,机构专用,,,14228977.79,1.61,-14228977.79,1,有价格涨跌幅限制的日价格振幅达到15%的前五只证券
20250617,603538.SH,中国国际金融股份有限公司上海分公司,,,12863323.84,1.45,-12863323.84,1,有价格涨跌幅限制的日价格振幅达到15%的前五只证券
20250617,603538.SH,国泰海通证券股份有限公司总部,,,10862490.12,1.23,-10862490.12,1,有价格涨跌幅限制的日价格振幅达到15%的前五只证券
20250617,603538.SH,东方财富证券股份有限公司拉萨金融城南环路证券营业部,,,9896997.0,1.12,-9896997.0,1,有价格涨跌幅限制的日价格振幅达到15%的前五只证券
20250617,603585.SH,开源证券股份有限公司西安永城路证券营业部,42018426.84,3.8,,,42018426.84,0,非ST、*ST和S证券连续三个交易日内收盘价格涨幅偏离值累计达到20%的证券
20250617,603585.SH,浙商证券股份有限公司杭州五星路证券营业部,24574789.0,2.22,,,24574789.0,0,非ST、*ST和S证券连续三个交易日内收盘价格涨幅偏离值累计达到20%的证券
20250617,603585.SH,瑞银证券有限责任公司上海浦东新区花园石桥路第二证券营业部,21633766.73,1.95,,,21633766.73,0,非ST、*ST和S证券连续三个交易日内收盘价格涨幅偏离值累计达到20%的证券
20250617,603585.SH,国泰海通证券股份有限公司总部,19742558.0,1.78,,,19742558.0,0,非ST、*ST和S证券连续三个交易日内收盘价格涨幅偏离值累计达到20%的证券
20250617,603585.SH,华鑫证券有限责任公司上海光复路证券营业部,17014103.67,1.54,,,17014103.67,0,非ST、*ST和S证券连续三个交易日内收盘价格涨幅偏离值累计达到20%的证券
20250617,603585.SH,国泰海通证券股份有限公司宜昌沿江大道证券营业部,,,33387155.0,3.02,-33387155.0,1,非ST、*ST和S证券连续三个交易日内收盘价格涨幅偏离值累计达到20%的证券
20250617,603585.SH,瑞银证券有限责任公司上海浦东新区花园石桥路第二证券营业部,,,28035532.0,2.53,-28035532.0,1,非ST、*ST和S证券连续三个交易日内收盘价格涨幅偏离值累计达到20%的证券
20250617,603585.SH,机构专用,,,18753400.0,1.69,-18753400.0,1,非ST、*ST和S证券连续三个交易日内收盘价格涨幅偏离值累计达到20%的证券
20250617,603585.SH,国泰海通证券股份有限公司总部,,,17766901.21,1.6,-17766901.21,1,非ST、*ST和S证券连续三个交易日内收盘价格涨幅偏离值累计达到20%的证券
20250617,603585.SH,华泰证券股份有限公司江阴福泰路证券营业部,,,16507069.0,1.49,-16507069.0,1,非ST、*ST和S证券连续三个交易日内收盘价格涨幅偏离值累计达到20%的证券
20250617,603716.SH,华鑫证券有限责任公司上海分公司,16551209.06,1.93,,,16551209.06,0,有价格涨跌幅限制的日换手率达到20%的前五只证券
20250617,603716.SH,华鑫证券有限责任公司深圳益田路证券营业部,15383718.0,1.8,,,15383718.0,0,有价格涨跌幅限制的日换手率达到20%的前五只证券
20250617,603716.SH,华鑫证券有限责任公司上海云锦路证券营业部,14750233.48,1.72,,,14750233.48,0,有价格涨跌幅限制的日换手率达到20%的前五只证券
20250617,603716.SH,机构专用,14609154.0,1.71,,,14609154.0,0,有价格涨跌幅限制的日换手率达到20%的前五只证券
20250617,603716.SH,国泰海通证券股份有限公司总部,13826103.0,1.62,,,13826103.0,0,有价格涨跌幅限制的日换手率达到20%的前五只证券
20250617,603716.SH,中国国际金融股份有限公司上海分公司,,,13347316.57,1.56,-13347316.57,1,有价格涨跌幅限制的日换手率达到20%的前五只证券
20250617,603716.SH,中信证券(山东)有限责任公司平度人民路证券营业部,,,11678132.49,1.36,-11678132.49,1,有价格涨跌幅限制的日换手率达到20%的前五只证券
20250617,603716.SH,国泰海通证券股份有限公司总部,,,11408771.59,1.33,-11408771.59,1,有价格涨跌幅限制的日换手率达到20%的前五只证券
20250617,603716.SH,东方财富证券股份有限公司拉萨团结路第一证券营业部,,,10325385.0,1.21,-10325385.0,1,有价格涨跌幅限制的日换手率达到20%的前五只证券
20250617,603716.SH,东方财富证券股份有限公司拉萨东环路第二证券营业部,,,9212169.36,1.08,-9212169.36,1,有价格涨跌幅限制的日换手率达到20%的前五只证券
20250617,605099.SH,国元证券股份有限公司合肥长江西路证券营业部,15817131.49,2.38,,,15817131.49,0,有价格涨跌幅限制的日收盘价格跌幅偏离值达到7%的前五只证券
20250617,605099.SH,东方财富证券股份有限公司拉萨团结路第一证券营业部,9834884.0,1.48,,,9834884.0,0,有价格涨跌幅限制的日收盘价格跌幅偏离值达到7%的前五只证券
20250617,605099.SH,东方财富证券股份有限公司拉萨团结路第二证券营业部,8269971.0,1.24,,,8269971.0,0,有价格涨跌幅限制的日收盘价格跌幅偏离值达到7%的前五只证券
20250617,605099.SH,东方财富证券股份有限公司拉萨金融城南环路证券营业部,6220613.0,0.94,,,6220613.0,0,有价格涨跌幅限制的日收盘价格跌幅偏离值达到7%的前五只证券
20250617,605099.SH,东方财富证券股份有限公司拉萨东环路第一证券营业部,5962472.0,0.9,,,5962472.0,0,有价格涨跌幅限制的日收盘价格跌幅偏离值达到7%的前五只证券
20250617,605099.SH,沪股通专用,,,27493889.5,4.13,-27493889.5,1,有价格涨跌幅限制的日收盘价格跌幅偏离值达到7%的前五只证券
20250617,605099.SH,财通证券股份有限公司温岭中华路证券营业部,,,15155326.0,2.28,-15155326.0,1,有价格涨跌幅限制的日收盘价格跌幅偏离值达到7%的前五只证券
20250617,605099.SH,中信证券股份有限公司杭州凤起路证券营业部,,,10849853.0,1.63,-10849853.0,1,有价格涨跌幅限制的日收盘价格跌幅偏离值达到7%的前五只证券
20250617,605099.SH,东方财富证券股份有限公司拉萨金融城南环路证券营业部,,,10179629.0,1.53,-10179629.0,1,有价格涨跌幅限制的日收盘价格跌幅偏离值达到7%的前五只证券
20250617,605099.SH,甬兴证券有限公司宁波和源路证券营业部,,,8210871.0,1.23,-8210871.0,1,有价格涨跌幅限制的日收盘价格跌幅偏离值达到7%的前五只证券
20250617,605198.SH,沪股通专用,14661003.0,4.85,,,14661003.0,0,有价格涨跌幅限制的日收盘价格跌幅偏离值达到7%的前五只证券
20250617,605198.SH,中国银河证券股份有限公司金华证券营业部,10017834.0,3.31,,,10017834.0,0,有价格涨跌幅限制的日收盘价格跌幅偏离值达到7%的前五只证券
20250617,605198.SH,中泰证券股份有限公司烟台正阳路证券营业部,4054447.0,1.34,,,4054447.0,0,有价格涨跌幅限制的日收盘价格跌幅偏离值达到7%的前五只证券
20250617,605198.SH,国投证券股份有限公司深圳益田路证券营业部,4027576.0,1.33,,,4027576.0,0,有价格涨跌幅限制的日收盘价格跌幅偏离值达到7%的前五只证券
20250617,605198.SH,中信证券华南股份有限公司中山分公司,3614689.0,1.19,,,3614689.0,0,有价格涨跌幅限制的日收盘价格跌幅偏离值达到7%的前五只证券
20250617,605198.SH,沪股通专用,,,29832889.1,9.86,-29832889.1,1,有价格涨跌幅限制的日收盘价格跌幅偏离值达到7%的前五只证券
20250617,605198.SH,中信证券股份有限公司深圳滨海大道证券营业部,,,9266075.91,3.06,-9266075.91,1,有价格涨跌幅限制的日收盘价格跌幅偏离值达到7%的前五只证券
20250617,605198.SH,华鑫证券有限责任公司上海宛平南路证券营业部,,,7573002.0,2.5,-7573002.0,1,有价格涨跌幅限制的日收盘价格跌幅偏离值达到7%的前五只证券
20250617,605198.SH,国泰海通证券股份有限公司总部,,,7056288.2,2.33,-7056288.2,1,有价格涨跌幅限制的日收盘价格跌幅偏离值达到7%的前五只证券
20250617,605198.SH,瑞银证券有限责任公司上海浦东新区花园石桥路第二证券营业部,,,6015526.0,1.99,-6015526.0,1,有价格涨跌幅限制的日收盘价格跌幅偏离值达到7%的前五只证券
20250617,688291.SH,机构专用,25740032.73,4.58,,,25740032.73,0,有价格涨跌幅限制的日换手率达到30%的前五只证券
20250617,688291.SH,中信证券股份有限公司上海分公司,24030301.87,4.28,,,24030301.87,0,有价格涨跌幅限制的日换手率达到30%的前五只证券
20250617,688291.SH,瑞银证券有限责任公司上海浦东新区花园石桥路第二证券营业部,23395925.61,4.16,,,23395925.61,0,有价格涨跌幅限制的日换手率达到30%的前五只证券
20250617,688291.SH,国联民生证券股份有限公司汕头珠港新城嵩山路证券营业部,19539225.49,3.48,,,19539225.49,0,有价格涨跌幅限制的日换手率达到30%的前五只证券
20250617,688291.SH,国泰海通证券股份有限公司深圳前海分公司,14005576.08,2.49,,,14005576.08,0,有价格涨跌幅限制的日换手率达到30%的前五只证券
20250617,688291.SH,天风证券股份有限公司上海浦东分公司,,,26300224.43,4.68,-26300224.43,1,有价格涨跌幅限制的日换手率达到30%的前五只证券
20250617,688291.SH,甬兴证券有限公司上海分公司,,,17909733.95,3.19,-17909733.95,1,有价格涨跌幅限制的日换手率达到30%的前五只证券
20250617,688291.SH,五矿证券有限公司深圳滨海大道证券营业部,,,17460090.42,3.11,-17460090.42,1,有价格涨跌幅限制的日换手率达到30%的前五只证券
20250617,688291.SH,华泰证券股份有限公司江西分公司,,,16250849.91,2.89,-16250849.91,1,有价格涨跌幅限制的日换手率达到30%的前五只证券
20250617,688291.SH,联储证券股份有限公司宁波分公司,,,14250104.6,2.54,-14250104.6,1,有价格涨跌幅限制的日换手率达到30%的前五只证券
20250617,688573.SH,机构专用,10177856.2,2.27,,,10177856.2,0,有价格涨跌幅限制的日换手率达到30%的前五只证券
20250617,688573.SH,东方财富证券股份有限公司拉萨东环路第二证券营业部,6058494.61,1.35,,,6058494.61,0,有价格涨跌幅限制的日换手率达到30%的前五只证券
20250617,688573.SH,国金证券股份有限公司深圳分公司,5121917.63,1.14,,,5121917.63,0,有价格涨跌幅限制的日换手率达到30%的前五只证券
20250617,688573.SH,国泰海通证券股份有限公司总部,4924351.07,1.1,,,4924351.07,0,有价格涨跌幅限制的日换手率达到30%的前五只证券
20250617,688573.SH,广发证券股份有限公司广西分公司(对外营业部),4886341.7,1.09,,,4886341.7,0,有价格涨跌幅限制的日换手率达到30%的前五只证券
20250617,688573.SH,瑞银证券有限责任公司上海浦东新区花园石桥路第二证券营业部,,,18940490.66,4.23,-18940490.66,1,有价格涨跌幅限制的日换手率达到30%的前五只证券
20250617,688573.SH,中信证券股份有限公司上海溧阳路证券营业部,,,14323782.38,3.2,-14323782.38,1,有价格涨跌幅限制的日换手率达到30%的前五只证券
20250617,688573.SH,国泰海通证券股份有限公司总部,,,11001811.88,2.46,-11001811.88,1,有价格涨跌幅限制的日换手率达到30%的前五只证券
20250617,688573.SH,国金证券股份有限公司深圳分公司,,,7378181.62,1.65,-7378181.62,1,有价格涨跌幅限制的日换手率达到30%的前五只证券
20250617,688573.SH,中国国际金融股份有限公司北京建国门外大街证券营业部,,,5523342.02,1.23,-5523342.02,1,有价格涨跌幅限制的日换手率达到30%的前五只证券
20250617,833171.BJ,东方财富证券股份有限公司拉萨团结路第二证券营业部,20847571.59,1.85,10804643.84,0.96,10042927.75,0,当日换手率达到20%的前5只股票
20250617,833171.BJ,东方财富证券股份有限公司拉萨团结路第一证券营业部,17765728.59,1.58,21216259.08,1.89,-3450530.49,0,当日换手率达到20%的前5只股票
20250617,833171.BJ,东方财富证券股份有限公司拉萨东环路第一证券营业部,17605205.32,1.56,17613200.22,1.57,-7994.9,0,当日换手率达到20%的前5只股票
20250617,833171.BJ,东方财富证券股份有限公司拉萨东环路第二证券营业部,17047921.93,1.51,11273761.87,1.0,5774160.06,0,当日换手率达到20%的前5只股票
20250617,833171.BJ,东方财富证券股份有限公司拉萨东城区江苏大道证券营业部,14430833.17,1.28,10110253.32,0.9,4320579.85,0,当日换手率达到20%的前5只股票
20250617,833171.BJ,国信证券股份有限公司深圳红岭中路证券营业部,8766484.58,0.78,21619076.09,1.92,-12852591.51,1,当日换手率达到20%的前5只股票
20250617,833171.BJ,东方财富证券股份有限公司拉萨团结路第一证券营业部,17765728.59,1.58,21216259.08,1.89,-3450530.49,1,当日换手率达到20%的前5只股票
20250617,833171.BJ,东方财富证券股份有限公司拉萨东环路第一证券营业部,17605205.32,1.56,17613200.22,1.57,-7994.9,1,当日换手率达到20%的前5只股票
20250617,833171.BJ,国金证券股份有限公司深圳分公司,3268486.49,0.29,16252794.91,1.44,-12984308.42,1,当日换手率达到20%的前5只股票
20250617,833171.BJ,国信证券股份有限公司北京分公司,6023668.73,0.54,12685907.85,1.13,-6662239.12,1,当日换手率达到20%的前5只股票
20250617,836221.BJ,国金证券股份有限公司深圳分公司,10482162.76,3.1,2922728.67,0.86,7559434.09,0,当日换手率达到20%的前5只股票
20250617,836221.BJ,广发证券股份有限公司深圳东滨路营业部,5582346.37,1.65,489654.64,0.14,5092691.73,0,当日换手率达到20%的前5只股票
20250617,836221.BJ,东方财富证券股份有限公司拉萨东环路第二证券营业部,4829306.25,1.43,3915373.18,1.16,913933.07,0,当日换手率达到20%的前5只股票
20250617,836221.BJ,国泰海通证券股份有限公司广西南宁民族大道营业部,4636512.87,1.37,269039.39,0.08,4367473.48,0,当日换手率达到20%的前5只股票
20250617,836221.BJ,东方财富证券股份有限公司拉萨团结路第二证券营业部,4607482.67,1.36,3048537.61,0.9,1558945.06,0,当日换手率达到20%的前5只股票
20250617,836221.BJ,东北证券股份有限公司黑龙江分公司,0.0,0.0,10245208.02,3.03,-10245208.02,1,当日换手率达到20%的前5只股票
20250617,836221.BJ,中银国际证券股份有限公司中银无锡金融一街证券营业部,0.0,0.0,9500628.5,2.81,-9500628.5,1,当日换手率达到20%的前5只股票
20250617,836221.BJ,国信证券股份有限公司深圳红岭中路证券营业部,4196153.16,1.24,6714572.63,1.99,-2518419.47,1,当日换手率达到20%的前5只股票
20250617,836221.BJ,机构专用,2142301.94,0.63,6157754.87,1.82,-4015452.93,1,当日换手率达到20%的前5只股票
20250617,836221.BJ,东海证券股份有限公司厦门嘉禾路证券营业部,790592.3,0.23,4298598.62,1.27,-3508006.32,1,当日换手率达到20%的前5只股票
20250617,839680.BJ,华安证券股份有限公司庐江牌楼中路营业部,291080.16,4.53,0.0,0.0,291080.16,0,当日收盘价跌幅达到-20%的前5只股票
20250617,839680.BJ,广发证券股份有限公司山西分公司,253264.22,3.94,0.0,0.0,253264.22,0,当日收盘价跌幅达到-20%的前5只股票
20250617,839680.BJ,国盛证券有限责任公司赣州白鹭街营业部,215500.0,3.35,0.0,0.0,215500.0,0,当日收盘价跌幅达到-20%的前5只股票
20250617,839680.BJ,中国银河证券股份有限公司宁波大闸南路证券营业部,189734.82,2.95,0.0,0.0,189734.82,0,当日收盘价跌幅达到-20%的前5只股票
20250617,839680.BJ,东方财富证券股份有限公司拉萨团结路第一证券营业部,156358.18,2.43,6896.0,0.11,149462.18,0,当日收盘价跌幅达到-20%的前5只股票
20250617,839680.BJ,浙商证券股份有限公司富阳江滨西大道证券营业部,0.0,0.0,726110.01,11.3,-726110.01,1,当日收盘价跌幅达到-20%的前5只股票
20250617,839680.BJ,平安证券股份有限公司深圳香蜜湖证券营业部,431.0,0.01,474237.92,7.38,-473806.92,1,当日收盘价跌幅达到-20%的前5只股票
20250617,839680.BJ,中国银河证券股份有限公司湖州证券营业部,0.0,0.0,423673.0,6.6,-423673.0,1,当日收盘价跌幅达到-20%的前5只股票
20250617,839680.BJ,中国银河证券股份有限公司上海肇嘉浜路证券营业部,0.0,0.0,410872.3,6.4,-410872.3,1,当日收盘价跌幅达到-20%的前5只股票
20250617,839680.BJ,广发证券股份有限公司银川宁安大街营业部,0.0,0.0,387900.0,6.04,-387900.0,1,当日收盘价跌幅达到-20%的前5只股票
20250617,839719.BJ,东方财富证券股份有限公司拉萨东环路第二证券营业部,8710426.4,1.8,6566198.27,1.35,2144228.13,0,当日换手率达到20%的前5只股票
20250617,839719.BJ,东方财富证券股份有限公司拉萨团结路第二证券营业部,8020493.07,1.65,5097882.91,1.05,2922610.16,0,当日换手率达到20%的前5只股票
20250617,839719.BJ,东方财富证券股份有限公司拉萨团结路第一证券营业部,6085748.79,1.26,3310497.53,0.68,2775251.26,0,当日换手率达到20%的前5只股票
20250617,839719.BJ,机构专用,5534517.98,1.14,4060465.07,0.84,1474052.91,0,当日换手率达到20%的前5只股票
20250617,839719.BJ,东方财富证券股份有限公司拉萨东环路第一证券营业部,5217842.17,1.08,4515198.75,0.93,702643.42,0,当日换手率达到20%的前5只股票
20250617,839719.BJ,国金证券股份有限公司深圳分公司,1799644.78,0.37,10382106.32,2.14,-8582461.54,1,当日换手率达到20%的前5只股票
20250617,839719.BJ,东方财富证券股份有限公司拉萨东环路第二证券营业部,8710426.4,1.8,6566198.27,1.35,2144228.13,1,当日换手率达到20%的前5只股票
20250617,839719.BJ,华泰证券股份有限公司当阳长坂路证券营业部,139741.86,0.03,5605581.74,1.16,-5465839.88,1,当日换手率达到20%的前5只股票
20250617,839719.BJ,东方财富证券股份有限公司拉萨团结路第二证券营业部,8020493.07,1.65,5097882.91,1.05,2922610.16,1,当日换手率达到20%的前5只股票
20250617,839719.BJ,海通证券股份有限公司南京常府街营业部,0.0,0.0,4713980.41,0.97,-4713980.41,1,当日换手率达到20%的前5只股票
20250617,870199.BJ,中信证券股份有限公司浙江分公司,8842236.72,2.37,251490.14,0.07,8590746.58,0,当日收盘价涨幅达到20%的前5只股票
20250617,870199.BJ,华福证券有限责任公司杭州五星路证券营业部,8841045.64,2.37,0.0,0.0,8841045.64,0,当日收盘价涨幅达到20%的前5只股票
20250617,870199.BJ,光大证券股份有限公司昆明人民中路营业部,8028354.91,2.15,0.0,0.0,8028354.91,0,当日收盘价涨幅达到20%的前5只股票
20250617,870199.BJ,中信证券股份有限公司湖州劳动路证券营业部,7699781.05,2.06,0.0,0.0,7699781.05,0,当日收盘价涨幅达到20%的前5只股票
20250617,870199.BJ,中信建投证券股份有限公司福州东街证券营业部,6300200.67,1.69,142180.0,0.04,6158020.67,0,当日收盘价涨幅达到20%的前5只股票
20250617,870199.BJ,东方财富证券股份有限公司拉萨团结路第二证券营业部,5304286.11,1.42,10208626.2,2.73,-4904340.09,1,当日收盘价涨幅达到20%的前5只股票
20250617,870199.BJ,国金证券股份有限公司深圳分公司,1683627.3,0.45,8974506.92,2.4,-7290879.62,1,当日收盘价涨幅达到20%的前5只股票
20250617,870199.BJ,国信证券股份有限公司深圳红岭中路证券营业部,55539.0,0.01,4820305.79,1.29,-4764766.79,1,当日收盘价涨幅达到20%的前5只股票
20250617,870199.BJ,中国银河证券股份有限公司北京望京证券营业部,0.0,0.0,4002568.25,1.07,-4002568.25,1,当日收盘价涨幅达到20%的前5只股票
20250617,870199.BJ,东莞证券股份有限公司四川分公司,1512852.17,0.41,3986956.9,1.07,-2474104.73,1,当日收盘价涨幅达到20%的前5只股票
20250617,920082.BJ,国投证券股份有限公司无锡清扬路证券营业部,3793855.53,1.64,0.0,0.0,3793855.53,0,当日换手率达到20%的前5只股票
20250617,920082.BJ,东方财富证券股份有限公司拉萨团结路第一证券营业部,3716310.17,1.61,2472371.97,1.07,1243938.2,0,当日换手率达到20%的前5只股票
20250617,920082.BJ,国金证券股份有限公司上海静安区南京西路证券营业部,3698277.7,1.6,4049653.54,1.75,-351375.84,0,当日换手率达到20%的前5只股票
20250617,920082.BJ,东方财富证券股份有限公司拉萨东环路第一证券营业部,2986758.55,1.29,3133140.77,1.35,-146382.22,0,当日换手率达到20%的前5只股票
20250617,920082.BJ,国联民生证券股份有限公司无锡中山路证券营业部,2907623.4,1.26,0.0,0.0,2907623.4,0,当日换手率达到20%的前5只股票
20250617,920082.BJ,机构专用,939564.31,0.41,5099123.41,2.2,-4159559.1,1,当日换手率达到20%的前5只股票
20250617,920082.BJ,国金证券股份有限公司深圳分公司,1651214.85,0.71,4740469.57,2.05,-3089254.72,1,当日换手率达到20%的前5只股票
20250617,920082.BJ,东方财富证券股份有限公司拉萨团结路第二证券营业部,2850928.41,1.23,4258459.48,1.84,-1407531.07,1,当日换手率达到20%的前5只股票
20250617,920082.BJ,国金证券股份有限公司上海静安区南京西路证券营业部,3698277.7,1.6,4049653.54,1.75,-351375.84,1,当日换手率达到20%的前5只股票
20250617,920082.BJ,东方财富证券股份有限公司拉萨东环路第二证券营业部,2795755.42,1.21,3728675.36,1.61,-932919.94,1,当日换手率达到20%的前5只股票
20250617,920088.BJ,东方财富证券股份有限公司拉萨团结路第一证券营业部,21868076.12,1.44,16409799.22,1.08,5458276.9,0,北交所股票最近3个有成交的交易日以内收盘价涨跌幅偏离值累计达到+40%(-40%)
20250617,920088.BJ,东方财富证券股份有限公司拉萨东环路第二证券营业部,20099402.12,1.33,19109322.37,1.26,990079.75,0,北交所股票最近3个有成交的交易日以内收盘价涨跌幅偏离值累计达到+40%(-40%)
20250617,920088.BJ,东方财富证券股份有限公司拉萨金融城南环路证券营业部,19993554.82,1.32,13858890.84,0.91,6134663.98,0,北交所股票最近3个有成交的交易日以内收盘价涨跌幅偏离值累计达到+40%(-40%)
20250617,920088.BJ,东方财富证券股份有限公司拉萨东环路第一证券营业部,19107123.11,1.26,13053995.87,0.86,6053127.24,0,北交所股票最近3个有成交的交易日以内收盘价涨跌幅偏离值累计达到+40%(-40%)
20250617,920088.BJ,东方财富证券股份有限公司拉萨团结路第二证券营业部,18298415.55,1.21,19438023.1,1.28,-1139607.55,0,北交所股票最近3个有成交的交易日以内收盘价涨跌幅偏离值累计达到+40%(-40%)
20250617,920088.BJ,东方财富证券股份有限公司拉萨东环路第一证券营业部,11435245.26,1.5,8439305.29,1.1,2995939.97,0,当日价格振幅达到30%的前5只股票
20250617,920088.BJ,东方财富证券股份有限公司拉萨东环路第一证券营业部,11435245.26,1.5,8439305.29,1.1,2995939.97,0,当日收盘价涨幅达到20%的前5只股票
20250617,920088.BJ,东方财富证券股份有限公司拉萨东环路第一证券营业部,11435245.26,1.5,8439305.29,1.1,2995939.97,0,当日换手率达到20%的前5只股票
20250617,920088.BJ,国金证券股份有限公司深圳分公司,10990340.44,1.44,4554691.8,0.6,6435648.64,0,当日价格振幅达到30%的前5只股票
20250617,920088.BJ,国金证券股份有限公司深圳分公司,10990340.44,1.44,4554691.8,0.6,6435648.64,0,当日收盘价涨幅达到20%的前5只股票
20250617,920088.BJ,国金证券股份有限公司深圳分公司,10990340.44,1.44,4554691.8,0.6,6435648.64,0,当日换手率达到20%的前5只股票
20250617,920088.BJ,东方财富证券股份有限公司拉萨团结路第一证券营业部,10801444.72,1.41,11233692.25,1.47,-432247.53,0,当日价格振幅达到30%的前5只股票
20250617,920088.BJ,东方财富证券股份有限公司拉萨团结路第一证券营业部,10801444.72,1.41,11233692.25,1.47,-432247.53,0,当日收盘价涨幅达到20%的前5只股票
20250617,920088.BJ,东方财富证券股份有限公司拉萨团结路第一证券营业部,10801444.72,1.41,11233692.25,1.47,-432247.53,0,当日换手率达到20%的前5只股票
20250617,920088.BJ,东方财富证券股份有限公司拉萨东环路第二证券营业部,10693189.32,1.4,10399427.41,1.36,293761.91,0,当日价格振幅达到30%的前5只股票
20250617,920088.BJ,东方财富证券股份有限公司拉萨东环路第二证券营业部,10693189.32,1.4,10399427.41,1.36,293761.91,0,当日收盘价涨幅达到20%的前5只股票
20250617,920088.BJ,东方财富证券股份有限公司拉萨东环路第二证券营业部,10693189.32,1.4,10399427.41,1.36,293761.91,0,当日换手率达到20%的前5只股票
20250617,920088.BJ,东方财富证券股份有限公司拉萨金融城南环路证券营业部,9894932.58,1.29,8191738.06,1.07,1703194.52,0,当日价格振幅达到30%的前5只股票
20250617,920088.BJ,东方财富证券股份有限公司拉萨金融城南环路证券营业部,9894932.58,1.29,8191738.06,1.07,1703194.52,0,当日换手率达到20%的前5只股票
20250617,920088.BJ,东方财富证券股份有限公司拉萨金融城南环路证券营业部,9894932.58,1.29,8191738.06,1.07,1703194.52,0,当日收盘价涨幅达到20%的前5只股票
20250617,920088.BJ,东方财富证券股份有限公司拉萨团结路第二证券营业部,18298415.55,1.21,19438023.1,1.28,-1139607.55,1,北交所股票最近3个有成交的交易日以内收盘价涨跌幅偏离值累计达到+40%(-40%)
20250617,920088.BJ,东方财富证券股份有限公司拉萨东环路第二证券营业部,20099402.12,1.33,19109322.37,1.26,990079.75,1,北交所股票最近3个有成交的交易日以内收盘价涨跌幅偏离值累计达到+40%(-40%)
20250617,920088.BJ,东方财富证券股份有限公司拉萨团结路第一证券营业部,21868076.12,1.44,16409799.22,1.08,5458276.9,1,北交所股票最近3个有成交的交易日以内收盘价涨跌幅偏离值累计达到+40%(-40%)
20250617,920088.BJ,国泰海通证券股份有限公司广东顺德大良营业部,3763170.12,0.25,15551187.77,1.03,-11788017.65,1,北交所股票最近3个有成交的交易日以内收盘价涨跌幅偏离值累计达到+40%(-40%)
20250617,920088.BJ,光大证券股份有限公司昆明人民中路营业部,9830.0,0.0,14998581.79,0.99,-14988751.79,1,北交所股票最近3个有成交的交易日以内收盘价涨跌幅偏离值累计达到+40%(-40%)
20250617,920088.BJ,东方财富证券股份有限公司拉萨团结路第一证券营业部,10801444.72,1.41,11233692.25,1.47,-432247.53,1,当日价格振幅达到30%的前5只股票
20250617,920088.BJ,东方财富证券股份有限公司拉萨团结路第一证券营业部,10801444.72,1.41,11233692.25,1.47,-432247.53,1,当日收盘价涨幅达到20%的前5只股票
20250617,920088.BJ,东方财富证券股份有限公司拉萨团结路第一证券营业部,10801444.72,1.41,11233692.25,1.47,-432247.53,1,当日换手率达到20%的前5只股票
20250617,920088.BJ,东方财富证券股份有限公司拉萨东环路第二证券营业部,10693189.32,1.4,10399427.41,1.36,293761.91,1,当日价格振幅达到30%的前5只股票
20250617,920088.BJ,东方财富证券股份有限公司拉萨东环路第二证券营业部,10693189.32,1.4,10399427.41,1.36,293761.91,1,当日收盘价涨幅达到20%的前5只股票
20250617,920088.BJ,东方财富证券股份有限公司拉萨东环路第二证券营业部,10693189.32,1.4,10399427.41,1.36,293761.91,1,当日换手率达到20%的前5只股票
20250617,920088.BJ,中国中金财富证券有限公司安徽分公司,2548235.12,0.33,8664994.72,1.13,-6116759.6,1,当日价格振幅达到30%的前5只股票
20250617,920088.BJ,中国中金财富证券有限公司安徽分公司,2548235.12,0.33,8664994.72,1.13,-6116759.6,1,当日收盘价涨幅达到20%的前5只股票
20250617,920088.BJ,中国中金财富证券有限公司安徽分公司,2548235.12,0.33,8664994.72,1.13,-6116759.6,1,当日换手率达到20%的前5只股票
20250617,920088.BJ,东方财富证券股份有限公司拉萨东环路第一证券营业部,11435245.26,1.5,8439305.29,1.1,2995939.97,1,当日价格振幅达到30%的前5只股票
20250617,920088.BJ,东方财富证券股份有限公司拉萨东环路第一证券营业部,11435245.26,1.5,8439305.29,1.1,2995939.97,1,当日收盘价涨幅达到20%的前5只股票
20250617,920088.BJ,东方财富证券股份有限公司拉萨东环路第一证券营业部,11435245.26,1.5,8439305.29,1.1,2995939.97,1,当日换手率达到20%的前5只股票
20250617,920088.BJ,东方财富证券股份有限公司拉萨金融城南环路证券营业部,9894932.58,1.29,8191738.06,1.07,1703194.52,1,当日价格振幅达到30%的前5只股票
20250617,920088.BJ,东方财富证券股份有限公司拉萨金融城南环路证券营业部,9894932.58,1.29,8191738.06,1.07,1703194.52,1,当日换手率达到20%的前5只股票
20250617,920088.BJ,东方财富证券股份有限公司拉萨金融城南环路证券营业部,9894932.58,1.29,8191738.06,1.07,1703194.52,1,当日收盘价涨幅达到20%的前5只股票
